ID,Name,Macroarea,Latitude,Longitude,Glottocode,ISO639P3code,Contribution_IDS,Variety
ArifamaMiniafia,Arifama-Miniafia,Papunesia,-9.15565,149.246,arif1239,,arifamaminiafia,
Ankave,Ankave,Papunesia,-7.19444,145.754,anka1246,,ankave,
Abau,Abau,Papunesia,-3.97222,141.324,abau1245,,abau,
Amarasi,Amarasi,Papunesia,-10.21751,123.96373,amar1273,,amarasi,
AbenlenAyta,Abenlen Ayta,Papunesia,15.4131,120.2,aben1249,,abenlenayta,
Ambulas-Maprik,Ambulas,Papunesia,-3.7801,143.059,ambu1247,,ambulasmaprik,Maprik
Ambulas-WoseraKamu,Ambulas,Papunesia,-3.7801,143.059,ambu1247,,ambulaswosera,Wosera-Kamu
Inabaknon,Inabaknon,Papunesia,12.4264,124.166,inab1237,,inabaknon,
AnemeWake,Aneme Wake,Papunesia,-9.75911,148.479,anem1248,,anemewake,
Achagua,Achagua,South America,4.38649,-72.2005,acha1250,,achagua,
Gikyode,Gikyode,Africa,8.39478,0.56975,giky1238,,gikyode,
SaintLucianCreoleFrench,Saint Lucian Creole French,North America,15.3947,-61.3641,sain1246,,saintluciancreolefrenchnt,
Achi-Cubulco,Achi,North America,15.073,-90.3513,achi1256,,achiacc,Cubulco
Achi-Rabinal,Achi,North America,15.073,-90.3513,achi1256,,achinnt achitnt,Rabinal
AchuarShiwiar,Achuar-Shiwiar,South America,-2.82646,-77.2641,achu1248,,achuarshiwiarnt,
Adioukrou,Adioukrou,Africa,5.38228,-4.52522,adio1239,,adioukrou,
Adnyamathanha,Adnyamathanha,Australia,-30.1451,138.671,adny1235,,adnyamathanha,
Adzera,Adzera,Papunesia,-6.39394,146.294,adze1240,,adzera,
TunisianArabic,Tunisian Arabic,Africa,33.7966,9.56156,tuni1259,,tunisianarabic,
EasternArrernte,Eastern Arrernte,Australia,-23.3583,135.046,east2379,,easternarrernte,
Akeu,Akeu,Eurasia,22.1959,101.0823,akeu1235,,akeu,
Amele,Amele,Papunesia,-5.29126,145.687,amel1241,,amele,
Agarabi,Agarabi,Papunesia,-6.20604,145.917,agar1252,,agarabi,
Angor,Angor,Papunesia,-3.7167,141.199,ango1254,,angor,
Angaataha,Angaataha,Papunesia,-7.15012,146.352,anga1290,,angaataha,
Agutaynen,Agutaynen,Papunesia,10.5328,119.655,agut1237,,agutaynen,
Aguaruna,Aguaruna,South America,-5.30044,-77.9218,agua1253,,aguaruna,
CentralCagayanAgta,Central Cagayan Agta,Papunesia,17.9571,121.857,cent2084,,centralcagayanagta,
Aguacateco,Aguacateco,North America,15.3307,-91.3153,agua1252,,aguacatecobl,
Ahirani,Ahirani,Eurasia,21.552,73.685,ahir1243,,ahirani,
Arosi,Arosi,Papunesia,-10.2441,161.432,aros1241,,arosi,
AssyrianNeoAramaic,Assyrian Neo-Aramaic,Eurasia,36.75,43.0,assy1241,,assyrianneoaramaic,
Akan-Asante,Akan,Africa,6.34756,-1.33254,akan1250,,akan,Asante
AkawaioIngariko,Akawaio-Ingariko,South America,6.16277,-60.862,akaw1239,,akawaioingarikont,
AngalHeneng-Waola,Angal Heneng,Papunesia,-6.13347,143.478,anga1292,,angalheneng,Waola
Siwu,Siwu,Africa,7.23811,0.44362,siwu1238,,siwu,
Alawa,Alawa,Australia,-15.5458,134.282,alaw1244,,alawa,
Alune,Alune,Papunesia,-3.11477,128.394,alun1238,,alunent,
Algonquin,Algonquin,North America,47.3876,-77.5258,algo1255,,algonquinalgnt,
NorthernToskAlbanian,Northern Tosk Albanian,Eurasia,41.0,20.0,tosk1239,,northerntoskalbanianshq,
Alyawarr,Alyawarr,Australia,-21.0427,136.835,alya1239,,alyawarr,
Yanesha,Yanesha',South America,-10.5454,-75.315,yane1238,,yaneshant,
HamerBanna,Hamer-Banna,Africa,5.06515,36.5176,hame1242,,hamerbanna,
Amharic,Amharic,Africa,11.708182,39.543456,amha1245,,amharic,
Ambai,Ambai,Papunesia,-1.88126,136.526,amba1265,,ambai,
AmaPapuaNewGuinea,Ama (Papua New Guinea),Papunesia,-4.20192,141.658,amap1240,,amapapuanewguinea,
Amanab-Amanab,Amanab,Papunesia,-3.51516,141.178,aman1265,,amanabamanab,Amanab
Amanab-Naineri,Amanab,Papunesia,-3.51516,141.178,aman1265,,amanabn,Naineri
Amo,Amo,Africa,10.3229,8.65405,amoo1242,,amo,
Alamblak,Alamblak,Papunesia,-4.66307,143.316,alam1246,,alamblak,
Amarakaeri,Amarakaeri,South America,-12.4931,-70.5533,amar1274,,amarakaerint,
GuerreroAmuzgo,Guerrero Amuzgo,North America,16.77226,-98.18953,guer1243,,guerreroamuzgont,
Anmatyerre,Anmatyerre,Australia,-22.2853,133.286,anma1239,,anmatyerre,
Nend,Nend,Papunesia,-5.04271,144.886,nend1239,,nend,
Denya,Denya,Africa,5.97237,9.39989,deny1238,,denyant,
Anyin,Anyin,Africa,6.31781,-3.30532,anyi1245,,anyin,
Anindilyakwa,Anindilyakwa,Australia,-13.99904,136.6415,anin1240,,anindilyakwa,
Mufian-FilifitaorIlahita,Mufian,Papunesia,-3.57932,142.955,mufi1238,,mufianfilifita,Filifita or Ilahita
Mufian-Mufian,Mufian,Papunesia,-3.57932,142.955,mufi1238,,mufian,Mufian
Omie,Ömie,Papunesia,-9.03136,148.107,omie1241,,omie,
BumbitaArapesh-Central,Bumbita Arapesh,Papunesia,-3.65508,142.859,bumb1241,,bumbitaarapesh,Central
Saa,Sa'a,Papunesia,-9.60258,161.467,saaa1240,,saa,
Bukiyip-MountainArapesh,Bukiyip,Papunesia,-3.47169,143.111,buki1249,,bukiyipb,Mountain Arapesh
Bukiyip-Central,Bukiyip,Papunesia,-3.47169,143.111,buki1249,,bukiyipc,Central
Apinaye,Apinayé,South America,-6.10774,-47.6315,apin1244,,apinayent,
Apma,Apma,Papunesia,-15.8559,168.189,apma1240,,apma,
AropLokep-Arop,Arop-Lokep,Papunesia,-5.31671,147.103,arop1243,,aroplokep,Arop
Apurina,Apurinã,South America,-8.21692,-66.7714,apur1254,,apurinant,
WesternApache,Western Apache,North America,33.8574,-110.123,west2615,,westernapachent,
Apalai,Apalaí,South America,1.49792,-54.7457,apal1257,,apalaint,
Safeyoka,Safeyoka,Papunesia,-7.05417,146.09,safe1240,,safeyoka,
StandardArabic-standard,Standard Arabic,Eurasia,27.9625,43.8525,stan1318,,standardarabicvd,standard
StandardArabic,Standard Arabic,Eurasia,27.9625,43.8525,stan1318,,standardarabicnav,
StandardArabic-Standard,Standard Arabic,Eurasia,27.9625,43.8525,stan1318,,standardarabicwbtc,Standard
WesternArrarnta,Western Arrarnta,Australia,-24.05052,133.24621,west2441,,westernarrarnta,
Arabela,Arabela,South America,-1.96126,-75.0612,arab1268,,arabelant,
Mapudungun,Mapudungun,South America,-38.7392,-71.277,mapu1245,,mapudungunnt,
Arapaho,Arapaho,North America,43.3879,-108.81,arap1274,,arapaho,
AlgerianArabic,Algerian Arabic,Africa,35.4208,3.23033,alge1239,,algerianarabic,
Assamese-Standard,Assamese,Eurasia,26.0876,91.2932,assa1263,,assamesefb,Standard
Dano,Dano,Papunesia,-5.92188,145.254,dano1240,,dano,
PeleAta,Pele-Ata,Papunesia,-5.58045,151.05,pele1245,,peleata,
Zaiwa,Zaiwa,Eurasia,24.1726,98.3643,zaiw1241,,zaiwant,
AtaManobo,Ata Manobo,Papunesia,7.7789,125.499,atam1240,,atamanobont,
IvbieNorthOkpelaArhe,Ivbie North-Okpela-Arhe,Africa,7.15307,6.21209,ivbi1241,,ivbienorthokpelaarhent,
PamplonaAtta,Pamplona Atta,Papunesia,18.4738,121.3,pamp1244,,pamplonaatta,
Waorani,Waorani,South America,-1.12312,-76.683,waor1240,,waoranint,
Anuki,Anuki,Papunesia,-9.6692,149.822,anuk1239,,anuki,
Auye,Auye,Papunesia,-3.43705,136.096,auye1238,,auye,
Awiyaana,Awiyaana,Papunesia,-6.54079,145.76,awiy1238,,awiyaana,
Au,Au,Papunesia,-3.53277,142.105,auuu1241,,au,
Avokaya,Avokaya,Africa,4.38639,29.9379,avok1242,,avokaya,
AwaPapuaNewGuinea,Awa (Papua New Guinea),Papunesia,-6.65534,145.714,awap1236,,awapapuanewguinea,
Awabakal,Awabakal,Australia,-33.12847,151.43555,awab1243,,awabakal,
Awara,Awara,Papunesia,-6.16986,146.372,awar1248,,awara,
MaybratKaron,Maybrat-Karon,Papunesia,-1.3679,132.591,maib1239,,maybratkaron,
SouthAzerbaijani,South Azerbaijani,Eurasia,36.5137,48.4302,sout2697,,southazerbaijani,
SanPedroAmuzgosAmuzgo,San Pedro Amuzgos Amuzgo,North America,16.5198,-98.0464,sanp1260,,sanpedroamuzgosamuzgont,
HighlandPueblaNahuatl,Highland Puebla Nahuatl,North America,20.1554,-97.5556,high1278,,highlandpueblanahuatlnt,
Waimaha,Waimaha,South America,0.30416,-70.1644,waim1255,,waimahant,
Baatonum,Baatonum,Africa,9.63186,2.99607,baat1238,,baatonum,
Barai,Barai,Papunesia,-9.46246,147.899,nucl1630,,barai,
Bau,Bau,Papunesia,-5.26465,145.611,bauu1244,,bau,
Girawa,Girawa,Papunesia,-5.35342,145.423,gira1247,,girawa2013 girawa,
SouthernBalochi,Southern Balochi,Eurasia,26.0,64.0,sout2642,,southernbalochi southernbalochil,
Bariai,Bariai,Papunesia,-5.5087,148.666,bari1286,,bariai,
Kaluli,Kaluli,Papunesia,-6.45932,142.788,kalu1248,,kaluli,
Bana,Bana,Africa,10.3535,13.6131,bana1305,,bana,
Bunama,Bunama,Papunesia,-10.0761,151.066,buna1276,,bunama,
BakaSouthSudan,Baka (South Sudan),Africa,4.65943,29.59,baka1274,,bakasouthsudan,
Burunge,Burunge,Africa,-5.21369,35.963,buru1320,,burunge,
BodoParja,Bodo Parja,Eurasia,19.0745,82.8774,bodo1266,,bodoparja,
Beaver,Beaver,North America,56.7984,-120.352,beav1236,,beaver,
Benabena,Benabena,Papunesia,-6.09974,145.534,bena1264,,benabena,
Belarusian,Belarusian,Eurasia,53.2307,25.6038,bela1254,,belarusian belarusiann,
Bengali,Bengali,Eurasia,24.0,90.0,beng1280,,bengali2006 bengaliirv bengaliobcv,
Beami,Beami,Papunesia,-6.14949,142.508,beam1240,,beami,
Blagar-Pura,Blagar,Papunesia,-8.31787,124.251,blag1240,,blagar,Pura
JurModo,Jur Modo,Africa,6.03321,29.974,jurm1239,,jurmodo,
Bafut,Bafut,Africa,6.14153,10.1194,bafu1246,,bafut,
MahasuPahari-Baghlayani,Mahasu Pahari,Eurasia,31.0088,77.5317,maha1287,,mahasupahari,Baghlayani
Haryanvi,Haryanvi,Eurasia,29.0166,76.0432,hary1238,,haryanvi,
Bugun,Bugun,Eurasia,27.1929556,92.4713002,bugu1246,,bugun,
Tagabawa,Tagabawa,Papunesia,6.9712,125.175,taga1272,,tagabawa,
Bughotu,Bughotu,Papunesia,-8.47948,159.802,bugh1239,,bughotu,
Bhadrawahi,Bhadrawahi,Eurasia,33.2851,75.8707,bhad1241,,bhadrawahi,
Binandere,Binandere,Papunesia,-8.37433,147.884,bina1277,,binandere,
Bimin,Bimin,Papunesia,-5.38732,142.04,bimi1240,,bimin,
Bhattiyali,Bhattiyali,Eurasia,32.4022,76.0311,bhat1263,,bhattiyali,
Bissa,Bissa,Africa,10.4257,-1.67332,biss1248,,bissa,
Biangai,Biangai,Papunesia,-7.33882,146.765,bian1252,,biangai2013 biangai,
Bimoba,Bimoba,Africa,10.4575,0.06121,bimo1239,,bimoba,
SouthernBirifor,Southern Birifor,Africa,9.2873,-2.72672,sout2790,,southernbirifor,
Barok-Usen,Barok,Papunesia,-3.47672,152.193,baro1253,,barok,Usen
Banjar,Banjar,Papunesia,0.747105,115.79,banj1239,,banjar,
Fanamaket,Fanamaket,Papunesia,,,make1251,,fanamaket,
Binumarien,Binumarien,Papunesia,-6.22068,146.102,binu1245,,binumarien,
Nangnda,Nangnda,Africa,8.60006,17.2691,bedj1245,,nangndant,
Baruga-Tafota,Baruga,Papunesia,-9.40132,148.761,baru1269,,baruga,Tafota
TalaandigBinukid,Talaandig-Binukid,Papunesia,8.15933,124.892,binu1244,,talaandigbinukid,
Baki,Baki,Papunesia,-16.7096,168.165,baki1244,,baki,
Bakairi,Bakairí,South America,-14.2628,-54.7034,baka1277,,bakairint,
Baikeno,Baikeno,Papunesia,-9.32991,124.256,baik1238,,baikeno,
Siksika,Siksika,North America,49.0669,-113.109,siks1238,,siksika,
Blang,Blang,Eurasia,22.0092,99.7405,blan1242,,blang,
TaiDam,Tai Dam,Eurasia,18.9572,102.928,taid1247,,taidam,
Balangao,Balangao,Papunesia,17.0994,121.272,bala1310,,balangao,
MagIndiAyta,Mag-Indi Ayta,Papunesia,14.9617,120.182,magi1241,,magindiayta,
Balantak,Balantak,Papunesia,-0.86809,123.289,bala1315,,balantaknt,
Kein,Kein,Papunesia,-5.3373,145.483,kein1239,,kein,
Ghayavi,Ghayavi,Papunesia,-10.011,149.84,ghay1237,,ghayavi,
Bambalang,Bambalang,Africa,5.861,10.544,bamb1265,,bambalang,
Muinane,Muinane,South America,-0.8652,-72.4249,muin1242,,muinanent,
BurumMindik,Burum-Mindik,Papunesia,-6.51663,147.333,buru1306,,burummindik,
Bantoanon,Bantoanon,Papunesia,12.5194,122.034,bant1288,,bantoanon,
Bola,Bola,Papunesia,-5.55792,150.095,bola1250,,bola,
Bora,Bora,South America,-2.000259,-72.257066,bora1263,,borant,
Tibetan-Central,Tibetan,Eurasia,28.3681,90.1872,tibe1272,,tibetan,Central
Tibetan-ModernLiterary,Tibetan,Eurasia,28.3681,90.1872,tibe1272,,tibetann,Modern Literary
Anjam,Anjam,Papunesia,-5.45899,145.717,anja1238,,anjam2014 anjam,
Bine,Bine,Papunesia,-9.08879,142.893,bine1240,,bine,
Bororo,Bororo,South America,-16.6029,-55.2004,boro1282,,bororo,
Tuwuli,Tuwuli,Africa,7.31095,0.38008,tuwu1238,,tuwuli,
Buamu,Buamu,Africa,11.1687,-3.50303,buam1238,,buamunt,
KoronadalBlaan,Koronadal Blaan,Papunesia,6.20529,125.007,koro1310,,koronadalblaan,
SaranganiBlaan,Sarangani Blaan,Papunesia,6.03691,125.354,sara1326,,saranganiblaan,
PalyaBareli,Palya Bareli,Eurasia,21.937,75.233,paly1238,,palyabareli,
BokoBenin,Boko (Benin),Africa,10.5189,3.71771,boko1266,,bokobeninsim,
Bandial,Bandial,Africa,12.5258,-16.4245,band1340,,bandial,
Busa,Busa,Africa,9.91074,4.39929,busa1253,,busa,
Brao,Brao,Eurasia,14.5994,107.008,lave1249,,brao,
Breton,Breton,Eurasia,48.2452,-3.78934,bret1244,,bretonbrg,
EasternBru,Eastern Bru,Eurasia,17.1311,105.671,east2332,,easternbru,
BassariTanda,Bassari-Tanda,Africa,12.4529,-13.3495,bass1258,,bassaritanda,
Bangwinji,Bangwinji,Africa,9.57157,11.2022,bang1348,,bangwinji,
BarasanaEduria,Barasana-Eduria,South America,0.02193,-70.808,bara1380,,barasanaeduriant,
BagaSitemu,Baga Sitemu,Africa,10.4793,-14.4756,baga1272,,bagasitemu,
Akoose,Akoose,Africa,4.9243,9.65522,akoo1248,,akoosent,
Bugawac,Bugawac,Papunesia,-6.67519,147.32,buga1250,,bugawac2013 bugawac,
Bokobaru,Bokobaru,Africa,9.52724,3.80058,boko1267,,bokobaru,
Baeggu,Baeggu,Papunesia,-8.49014,160.771,baeg1237,,baeggu,
Burarra,Burarra,Australia,-12.3061,134.365,bura1267,,burarra,
BoroEthiopia,Boro (Ethiopia),Africa,10.6596,35.345,boro1277,,boroethiopia,
BuliGhana,Buli (Ghana),Africa,10.5763,-1.26748,buli1254,,bulighana,
Buhutu,Buhutu,Papunesia,-10.5074,150.18,buhu1237,,buhutu,
Baruya-Wagamwa,Baruya,Papunesia,-6.89261,145.818,baru1267,,baruyaw,Wagamwa
Baruya,Baruya,Papunesia,-6.89261,145.818,baru1267,,baruya,
Qaqet,Qaqet,Papunesia,-4.45258,151.702,qaqe1238,,qaqet,
Bribri,Bribri,North America,9.39794,-83.0539,brib1243,,bribrintpo,
MaposBuang-CentralMapos,Mapos Buang,Papunesia,-6.86672,146.774,mapo1242,,maposbuang,Central/Mapos
Bisu,Bisu,Eurasia,20.8542,99.9862,bisu1244,,bisu,
Chorti,Ch'orti',North America,14.818,-89.2363,chor1273,,chorti,
Garifuna,Garifuna,North America,15.3529,-86.9091,gari1256,,garifunant,
Chuj-Ixtatan,Chuj,North America,15.8399,-91.76,chuj1250,,chuj,Ixtatán
SouthernCarrier,Southern Carrier,North America,53.1763,-124.452,sout2958,,southerncarriernt,
Kaqchikel-Central,Kaqchikel,North America,14.4662,-90.9881,kaqc1270,,kaqchikelcnt,Central
Kaqchikel-Eastern,Kaqchikel,North America,14.4662,-90.9881,kaqc1270,,kaqchikelent,Eastern
Kaqchikel-SurdeSacatepequez,Kaqchikel,North America,14.4662,-90.9881,kaqc1270,,kaqchikelnt,Sur de Sacatepequez
Kaqchikel-SantaMariadeJesus,Kaqchikel,North America,14.4662,-90.9881,kaqc1270,,kaqchikelsnt,Santa Maria de Jesus
Kaqchikel-Western,Kaqchikel,North America,14.4662,-90.9881,kaqc1270,,kaqchikelwnt,Western
Kaqchikel-YepocapaSouthWestern,Kaqchikel,North America,14.4662,-90.9881,kaqc1270,,kaqchikelynt,Yepocapa - South Western
Kaqchikel-SouthCentral,Kaqchikel,North America,14.4662,-90.9881,kaqc1270,,kaqchikel,South Central
Cemuhi,Cemuhî,Papunesia,-20.8489,165.13,cemu1238,,cemuhi,
Chacobo,Chácobo,South America,-12.133,-66.7164,chac1251,,chacobont,
Chipaya,Chipaya,South America,-18.73951,-67.89633,chip1262,,chipayant,
GalibiCarib,Galibi Carib,South America,5.83772,-56.8323,gali1262,,galibicaribnt galibicarib,
Cavinena,Cavineña,South America,-13.3544,-66.6277,cavi1250,,cavinenant,
LomerianoIgnacianoChiquitano,Lomeriano-Ignaciano Chiquitano,South America,-16.769554,-61.817795,chiq1248,,lomerianoignacianochiquitanont,
Carapana,Carapana,South America,0.06168,-69.6465,cara1272,,carapanant,
Chapalaa,Cha'palaa,South America,0.71489,-79.0508,chac1249,,chapalaantpo,
Chavacano,Chavacano,Papunesia,7.435034,122.18849,chav1241,,chavacano,
CashiboCacataibo,Cashibo-Cacataibo,South America,-8.70232,-75.4206,cash1251,,cashibocacataibont,
Cashinahua,Cashinahua,South America,-9.72027,-71.1733,cash1254,,cashinahuant,
Shawi,Shawi,South America,-5.63764,-76.8252,chay1248,,shawintpo,
CandoshiShapra,Candoshi-Shapra,South America,-4.23835,-76.9347,cand1248,,candoshishaprant,
Kakua,Kakua,South America,0.88778,-69.5659,cacu1241,,kakua,
ComaltepecChinantec,Comaltepec Chinantec,North America,17.5909,-96.445,coma1246,,comaltepecchinantecnt,
Cebuano,Cebuano,Papunesia,8.38799,124.367,cebu1242,,cebuanoulb,
EasternKhumiChin-AsaangKhongca,Eastern Khumi Chin,Eurasia,21.3425,93.155,east2779,,easternkhumichinak,Asaang Khongca
Czech,Czech,Eurasia,49.873398,15.10437,czec1258,,czech1613 czechlb czechnkb,
Kagayanen,Kagayanen,Papunesia,10.4656,119.872,kaga1256,,kagayanen,
Chamorro,Chamorro,Papunesia,13.438011,144.74474,cham1312,,chamorro,
HighlandOaxacaChontal,Highland Oaxaca Chontal,North America,16.1849,-95.7301,high1242,,highlandoaxacachontalnt,
TabascoChontal,Tabasco Chontal,North America,18.1713,-92.7367,taba1266,,tabascochontalnt,
Chuukese,Chuukese,Papunesia,7.346993,151.598607,chuu1238,,chuukese,
QuiotepecChinantec,Quiotepec Chinantec,North America,17.5621,-96.602,quio1240,,quiotepecchinantecnt,
OzumacinChinantec,Ozumacín Chinantec,North America,17.6976,-96.2249,ozum1235,,ozumacinchinantecntps,
Chru,Chru,Eurasia,11.6625,108.529,chru1239,,chru,
AsheninkaPajonal,Ashéninka Pajonal,South America,-10.7583,-74.2014,ashe1273,,asheninkapajonalnt,
Chuave,Chuave,Papunesia,-6.17824,145.139,chua1250,,chuave,
CentralKurdish,Central Kurdish,Eurasia,35.6539,45.8077,cent1972,,centralkurdish,
Anufo,Anufo,Africa,10.2839,0.56021,anuf1239,,anufo,
LealaoChinantec,Lealao Chinantec,North America,17.3162,-95.9265,leal1235,,lealaochinantecnt,
Caluyanun,Caluyanun,Papunesia,12.0489,121.384,calu1238,,caluyanun,
Cerma,Cerma,Africa,10.1245,-4.94917,cerm1238,,cermant,
MandarinChinese-Mandarinsimplifiedscript,Mandarin Chinese,Eurasia,40.0209,116.228,mand1415,,mandarinchinesecu89s mandarinchinesencvs mandarinchinese2006,"Mandarin, simplified script"
MandarinChinese-Mandarintraditionalscript,Mandarin Chinese,Eurasia,40.0209,116.228,mand1415,,mandarinchinesecu89t mandarinchinesencvt,"Mandarin, traditional script"
MandarinChinese,Mandarin Chinese,Eurasia,40.0209,116.228,mand1415,,mandarinchinesefeb,
CentralMnong,Central Mnong,Eurasia,12.6313,107.301,cent1992,,centralmnong centralmnongk,
Ashaninka,Asháninka,South America,-11.9311,-73.9073,asha1243,,ashaninkant,
LalanaChinantec,Lalana Chinantec,North America,17.58251,-96.00645,lala1270,,lalanachinantecnt,
TepetotutlaChinantec,Tepetotutla Chinantec,North America,17.7115,-96.5404,tepe1279,,tepetotutlachinantecnt,
Koreguaje,Koreguaje,South America,0.92316,-75.3475,kore1283,,koreguaje,
Tsafiki,Tsafiki,South America,-0.21181,-79.2347,colo1256,,tsafikint,
SantaTeresaCora,Santa Teresa Cora,North America,22.7102,-104.7,sant1424,,santateresacora,
Cofan,Cofán,South America,0.276675,-77.0643,cofa1242,,cofanntpo,
Coptic-Bohairic,Coptic,Africa,29.472,31.2053,copt1239,,copticbhc,Bohairic
Coptic,Coptic,Africa,29.472,31.2053,copt1239,,copticcnt,
Coptic-Sahidic,Coptic,Africa,29.472,31.2053,copt1239,,copticshc,Sahidic
Caquinte,Caquinte,South America,-11.4812,-73.4451,caqu1242,,caquintent,
Wamey,Wamey,Africa,12.5421,-13.177,wame1240,,wamey,
PalantlaChinantec,Palantla Chinantec,North America,17.884,-96.3407,pala1351,,palantlachinantecnt,
UcayaliYuruaAsheninka,Ucayali-Yurúa Ashéninka,South America,-9.49424,-73.1836,ucay1237,,ucayaliyuruaasheninkant,
AjyininkaApurucayali,Ajyíninka Apurucayali,South America,-9.82364,-74.61947,ajyi1238,,ajyininkaapurucayalint,
PichisAsheninka,Pichis Ashéninka,South America,-10.47249,-74.60281,pich1237,,pichisasheninkant,
SouthUcayaliAsheninka,South Ucayali Ashéninka,South America,-10.37875,-74.060306,sout3127,,southucayaliasheninka,
SouthernEastCree,Southern East Cree,North America,51.4078,-78.6971,sout2978,,southerneastcree,
NorthernEastCree,Northern East Cree,North America,55.1928,-77.7505,nort1552,,northerneastcree,
ElNayarCora,El Nayar Cora,North America,22.4099,-104.467,elna1235,,elnayarcorant,
CentralCarrier,Central Carrier,North America,54.3768,-124.328,carr1249,,centralcarrierntpo,
SochiapamChinantec,Sochiapam Chinantec,North America,17.7985,-96.6079,soch1239,,sochiapamchinantecnt,
SizangChin,Sizang Chin,Eurasia,23.8192,93.6884,siyi1240,,sizangchin,
TataltepecChatino,Tataltepec Chatino,North America,16.2963,-97.5311,tata1258,,tataltepecchatinont,
ThaipumChin,Thaipum Chin,Eurasia,,,thai1262,,thaipumchin,
WesternHighlandChatino,Western Highland Chatino,North America,16.2495,-97.3244,west2644,,westernhighlandchatinont,
Chol,Chol,North America,17.4897,-92.4698,chol1282,,chol76 cholbl,
Chol-Tila,Chol,North America,17.4897,-92.4698,chol1282,,cholcti,Tila
Cubeo,Cubeo,South America,1.32382,-70.1939,cube1242,,cubeont,
UsilaChinantec,Usila Chinantec,North America,17.9184,-96.4074,usil1237,,usilachinantecnt,
Cuiba,Cuiba,South America,6.19829,-69.8197,cuib1242,,cuiba,
SanBlasKuna,San Blas Kuna,South America,9.15686,-78.3075,sanb1242,,sanblaskuna09 sanblaskuna,
Culina,Culina,South America,-8.55268,-70.6648,culi1244,,culina,
TeutilaCuicatec,Teutila Cuicatec,North America,17.9029,-96.6645,teut1235,,teutilacuicatecnt,
TepeuxilaCuicatec,Tepeuxila Cuicatec,North America,17.756,-96.788,tepe1280,,tepeuxilacuicatecnt,
Kwere,Kwere,Africa,-6.50666,38.4449,kwer1261,,kwere,
NopalaChatino,Nopala Chatino,North America,16.0954,-97.1339,nopa1235,,nopalachatino,
Dangaleat,Dangaleat,Africa,12.1517,18.385,dang1274,,dangaleatnt,
Marik,Marik,Papunesia,-5.349,145.59,mari1428,,marik,
Dan-Eastern,Dan,Africa,7.22812,-8.24535,dann1241,,dan,Eastern
Gwahatike,Gwahatike,Papunesia,-5.64555,146.455,gwah1244,,gwahatike,
Danish,Danish,Eurasia,54.8655,9.36284,dani1285,,danish1931,
DaaiChin,Daai Chin,Eurasia,20.7347,93.7853,daai1236,,daaichin,
Dedua,Dedua,Papunesia,-6.38206,147.627,dedu1240,,dedua,
Desano,Desano,South America,0.58157,-69.4955,desa1247,,desano,
German,German,Eurasia,48.649,12.4676,stan1295,,german1912 german1951 germanelbbk germanelo germantkw,
CasiguranNagtipunanAgta,Casiguran-Nagtipunan Agta,Papunesia,16.2176,121.878,casi1235,,casigurannagtipunanagta,
Dogrib,Dogrib,North America,63.17,-117.25,dogr1252,,dogribdognt,
Daga,Daga,Papunesia,-9.9747,149.263,daga1275,,daga,
Dhangu,Dhangu,Australia,-11.9493,135.752,dhan1270,,dhangu,
Dhangu-DhuwaDhaumi,Dhangu,Australia,-11.9493,135.752,dhan1270,,dhanguduwadha,Dhuwa-Dhaŋu'mi
Didinga,Didinga,Africa,4.21489,33.6869,didi1258,,didinga,
Dieri,Dieri,Australia,-28.1667,138.0,dier1241,,dieri,
Digo,Digo,Africa,-4.62101,39.1752,digo1243,,digo,
SouthwesternDinka,Southwestern Dinka,Africa,8.81115,28.0613,sout2832,,southwesterndinkant,
Dhivehi,Dhivehi,Eurasia,1.928498,73.54433,dhiv1236,,dhivehi,
Djinang,Djinang,Australia,-12.462,134.82,djin1253,,djinang,
Djeebbana,Djeebbana,Australia,-12.0133,134.097,djee1236,,djeebbana,
Aukan,Aukan,South America,4.3126,-54.6419,ndyu1242,,aukannt,
Djambarrpuyngu,Djambarrpuyngu,Australia,-12.021,135.59,djam1256,,djambarrpuyngu,
NuclearDan-Western,Nuclear Dan,Africa,7.27,-8.15,nucl1770,,nucleardan,Western
Dobu,Dobu,Papunesia,-9.63239,150.825,dobu1241,,dobu,
Lukpa,Lukpa,Africa,9.51949,1.66954,lukp1238,,lukpa,
TokaLeyaDombe,Toka-Leya-Dombe,Africa,-18.37,26.502,domb1246,,tokaleyadombe,
Desiya,Desiya,Eurasia,18.965,82.646,desi1235,,desiya,
HunSaare,Hun-Saare,Africa,10.7898,5.07312,huns1239,,hunsaare,
UmirayDumagetAgta,Umiray Dumaget Agta,Papunesia,14.8757,121.508,umir1236,,umiraydumagetagta,
DupaninanAgta,Dupaninan Agta,Papunesia,17.3748,122.188,dupa1235,,dupaninanagta,
Dawro,Dawro,Africa,6.95,37.0,dawr1236,,dawroent dawront,
NuclearDhuwal-Liyagawumirr,Nuclear Dhuwal,Australia,-12.67,136.75,nucl1333,,nucleardhuwalliv,Liyagawumirr
Dawawa,Dawawa,Papunesia,-10.1692,149.999,dawa1242,,dawawa,
Dhuwaya,Dhuwaya,Australia,,,dhuw1250,,dhuwaya,
DjiminiSenoufo,Djimini Senoufo,Africa,8.36279,-4.45627,djim1235,,djiminisenoufo,
Dyula,Dyula,Africa,10.4536,-4.72007,dyul1238,,dyula,
EasternBontok,Eastern Bontok,Papunesia,17.08,121.17,east2881,,easternbontok,
Estonian,Estonian,Eurasia,58.55,25.82,esto1258,,estonianpkp,
Koti,Koti,Africa,-16.4823,39.7602,koti1238,,koti,
MussauEmira,Mussau-Emira,Papunesia,-1.44105,149.624,muss1246,,mussauemira,
NorthernEmbera,Northern Emberá,South America,7.12761,-77.574,nort2972,,northernemberantpo,
Apali,Apali,Papunesia,-5.1727,145.023,apal1256,,apali,
English-archaicBritish,English,Eurasia,53.0,-1.0,stan1293,,englishbrenton englishkjv2006 englishkjv englishrv englishdby englishlee englishnoy englishtnt englishylt,archaic British
English-ArchaicAmerican,English,Eurasia,53.0,-1.0,stan1293,,englishasv englishasvbt,Archaic American
English-American,English,Eurasia,53.0,-1.0,stan1293,,englishglw englishlxx2012 englisht4t englishwebc englishweb englisherv englishf35 englishfbv englishgw englishjps englishlsv englishnet englishourb englishwebp englishwebu,American
English-British,English,Eurasia,53.0,-1.0,stan1293,,englishuklxx2012 englishwebbe englishwebpb,British
English-simpleBritish,English,Eurasia,53.0,-1.0,stan1293,,englishbbe,simple British
English-archaicAmerican,English,Eurasia,53.0,-1.0,stan1293,,englishdra englishwebster,archaic American
English-AustralianAboriginal,English,Eurasia,53.0,-1.0,stan1293,,englishpev,Australian Aboriginal
English,English,Eurasia,53.0,-1.0,stan1293,,englishulb englishaoi englishbsb englishemtv englishkjvcpb englishnna englishoebcw englishoebus englishoke englishtcent,
English-Middle,English,Eurasia,53.0,-1.0,stan1293,,englishwycliffe,Middle
English-Old,English,Eurasia,53.0,-1.0,stan1293,,englishgnv,Old
English-Mixed,English,Eurasia,53.0,-1.0,stan1293,,englishlxxup,Mixed
English-AmericanMessianic,English,Eurasia,53.0,-1.0,stan1293,,englishwmb,American Messianic
English-BritishMessianic,English,Eurasia,53.0,-1.0,stan1293,,englishwmbb,British Messianic
English-Archaic,English,Eurasia,53.0,-1.0,stan1293,,englishwyc2017 englishwyc2018,Archaic
Enga-KainaCentral,Enga,Papunesia,-5.45619,143.685,enga1252,,enga2,Kaina (Central)
Esperanto,Esperanto,Eurasia,49.3273,2.81045,espe1235,,esperanto,
Ogea,Ogea,Papunesia,-5.37766,145.71,ogea1238,,ogea,
EseEjja,Ese Ejja,South America,-11.7268,-67.515,esee1248,,eseejjant,
AheriGondi,Aheri Gondi,Eurasia,19.4163,80.0058,aher1237,,aherigondi,
SewardAlaskaInupiatun,Seward Alaska Inupiatun,North America,64.77955,-161.80666,nort2945,,sewardalaskainupiatunnt,
Edolo,Edolo,Papunesia,-6.11618,142.65,edol1239,,edolo,
Ewe,Ewe,Africa,6.46061,0.814975,ewee1241,,ewe,
Fasu,Fasu,Papunesia,-6.62687,143.284,fasu1242,,fasu,
WagiPapuaNewGuinea,Wagi (Papua New Guinea),Papunesia,-5.17834,145.726,wagi1249,,wagipapuanewguinea,
Faiwol,Faiwol,Papunesia,-5.4967,141.656,faiw1243,,faiwol,
Fataleka,Fataleka,Papunesia,-8.59041,160.861,fata1245,,fataleka,
MaasinaFulfulde,Maasina Fulfulde,Africa,11.1324,-3.64763,maas1239,,maasinafulfulde,
Fuliiru,Fuliiru,Africa,-3.04022,28.9865,fuli1240,,fuliiru,
Fore,Fore,Papunesia,-6.64473,145.5065,fore1270,,fore,
French,French,Eurasia,48.0,2.0,stan1290,,frenchlsg frenchncl frenchsbl,
Fordata,Fordata,Papunesia,-7.28902,131.511,ford1242,,fordata,
BorguFulfulde,Borgu Fulfulde,Africa,9.801,3.988,borg1235,,borgufulfulde,
Pular,Pular,Africa,12.1826,-12.7338,pula1262,,pular,
WesternNigerFulfulde,Western Niger Fulfulde,Africa,14.2471,-0.52004,west2454,,westernnigerfulfulde,
WesternNigerFulfulde-Burkina,Western Niger Fulfulde,Africa,14.2471,-0.52004,west2454,,westernnigerfulfuldebkf,Burkina
HausaStatesFulfulde,Hausa States Fulfulde,Africa,10.9972,11.1188,nige1253,,hausastatesfulfulde,
Alekano,Alekano,Papunesia,-6.03901,145.387,alek1238,,alekano,
Borei,Borei,Papunesia,-4.08697,144.715,bore1247,,borei,
Kandawo,Kandawo,Papunesia,-5.73674,144.966,kand1303,,kandawo,
Gata,Gata',Eurasia,18.6076,82.984,gata1239,,gata,
Nobonob,Nobonob,Papunesia,-5.06952,145.712,nobo1238,,nobonob,
WestCentralOromo,West Central Oromo,Africa,8.81391,36.7365,west2721,,westcentraloromo,
Gude,Gude,Africa,10.2138,13.403,gude1246,,gude,
Gadang,Ga'dang,Papunesia,17.2238,121.455,gada1258,,gadang,
Umanakaina,Umanakaina,Papunesia,-9.89671,149.658,uman1240,,umanakaina,
Wipi,Wipi,Papunesia,-8.79741,143.064,wipi1242,,wipi,
Kire,Kire,Papunesia,-4.25927,144.711,kire1240,,kire,
Patpatar,Patpatar,Papunesia,-3.74711,152.493,patp1243,,patpatar,
Patpatar-Hinsaal,Patpatar,Papunesia,-3.74711,152.493,patp1243,,patpatarh,Hinsaal
Patpatar-Sokarek,Patpatar,Papunesia,-3.74711,152.493,patp1243,,patpatars,Sokarek
GuhuSamane,Guhu-Samane,Papunesia,-7.99922,147.228,guhu1244,,guhusamane,
Kitja,Kitja,Australia,-17.5758,127.392,kitj1240,,kitja,
Gilaki,Gilaki,Eurasia,37.1344,49.8359,gila1241,,gilaki,
Gamo,Gamo,Africa,6.27645,37.23808,gamo1243,,gamont gamornt gamoggm,
Ngangam,Ngangam,Africa,10.2523,0.70509,ngan1299,,ngangamnt,
Gumatj,Gumatj,Australia,-12.25254,136.83042,guma1253,,gumatj,
WesternBolivianGuarani,Western Bolivian Guaraní,South America,-20.2819,-64.1662,west2640,,westernbolivianguaranint,
Gofa,Gofa,Africa,6.57645,37.05,gofa1235,,gofaent gofarnt gofawftw,
Gor,Gor,Africa,8.0841,17.0713,gorr1238,,gor,
IonicAtticAncientGreek-Koine,Ionic-Attic Ancient Greek,Eurasia,39.8155,21.9129,anci1242,,ionicatticancientgreektisch ionicatticancientgreekbrent ionicatticancientgreekbyz ionicatticancientgreekf35 ionicatticancientgreekmt,Koine
IonicAtticAncientGreek-Ancient,Ionic-Attic Ancient Greek,Eurasia,39.8155,21.9129,anci1242,,ionicatticancientgreeksbl,Ancient
IonicAtticAncientGreek,Ionic-Attic Ancient Greek,Eurasia,39.8155,21.9129,anci1242,,ionicatticancientgreeksr ionicatticancientgreektcgnt ionicatticancientgreektr,
Ghari,Ghari,Papunesia,-9.4791,159.917,ghar1239,,ghari,
Guajajara,Guajajára,South America,-4.69461,-45.7081,guaj1255,,guajajarabl,
Wayuu,Wayuu,South America,11.395566,-72.199791,wayu1243,,wayuu,
Gurindji,Gurindji,Australia,-17.0329,130.379,guri1247,,gurindji,
Sikuani,Sikuani,South America,5.81736,-68.9839,guah1255,,sikuani,
EasternBolivianGuarani,Eastern Bolivian Guaraní,South America,-20.42,-63.37,east2555,,easternbolivianguaranint,
Gujarati,Gujarati,Eurasia,22.687,71.0962,guja1252,,gujarati2009 gujarati2017,
SeaIslandCreoleEnglish,Sea Island Creole English,North America,33.6632,-79.6036,gull1241,,seaislandcreoleenglishnt,
Guambiano,Guambiano,South America,2.55849,-76.582,guam1248,,guambiano,
MbyaGuarani,Mbyá Guaraní,South America,-26.0188,-52.711,mbya1239,,mbyaguarani,
Guayabero,Guayabero,South America,2.8969,-71.844,guay1257,,guayaberont,
BininjKunWok,Bininj Kun-Wok,Australia,-12.3398,133.358,gunw1252,,bininjkunwok bininjkunwokk,
BininjKunWok-Mayali,Bininj Kun-Wok,Australia,-12.3398,133.358,gunw1252,,bininjkunwokmay,Mayali
Gourmanchema-Central,Gourmanchéma,Africa,11.6711,1.28489,gour1243,,gourmanchema,Central
Gourmanchema-Gormantche,Gourmanchéma,Africa,11.6711,1.28489,gour1243,,gourmanchemag,Gormantche
Kotiria,Kotiria,South America,1.07554,-69.5705,guan1269,,kotiria,
Golin,Golin,Papunesia,-6.2249,144.8505,goli1247,,golin,
KukuYalanji,Kuku-Yalanji,Australia,-16.0036,145.188,kuku1273,,kukuyalanji,
Gurung,Gurung,Eurasia,27.41687,86.28988,guru1261,,gurung,
Gumawana,Gumawana,Papunesia,-9.28497,150.762,guma1254,,gumawana,
Gwichin,Gwich'in,North America,67.4307,-142.963,gwic1235,,gwichinnt,
Gwere,Gwere,Africa,1.11392,33.8227,gwer1238,,gwere,
Ngabere,Ngäbere,North America,8.8251,-82.3911,ngab1239,,ngaberent,
Guarayu,Guarayu,South America,-15.8247,-61.6934,guar1292,,guarayunt,
Haitian,Haitian,North America,18.795135,-72.136115,hait1244,,haitian haitianbsa,
Hausa,Hausa,Africa,11.1513,8.7804,haus1257,,hausasa hausaulb,
Hawaiian,Hawaiian,Papunesia,19.6297,-155.43,hawa1245,,hawaiian1868,
AncientHebrew-BiblicalAncient,Ancient Hebrew,Eurasia,31.7761,35.1725,anci1244,,ancienthebrewwlc ancienthebrew,Biblical/Ancient
Huichol,Huichol,North America,21.954,-104.062,huic1243,,huicholnt,
ModernHebrew,Modern Hebrew,Eurasia,31.1056,35.0179,hebr1245,,modernhebrew,
ModernHebrew-Modern,Modern Hebrew,Eurasia,31.1056,35.0179,hebr1245,,modernhebrewlb,Modern
Helong,Helong,Papunesia,-10.2647,123.377,helo1243,,helongntpo,
Hindi,Hindi,Eurasia,25.0,77.0,hind1269,,hindi2010 hindi2017 hindicv,
Hixkaryana,Hixkaryána,South America,-0.16265,-58.80153,hixk1239,,hixkaryanant,
Halia,Halia,Papunesia,-5.26603,154.662,hali1244,,halia,
NgaLa,Nga La,Eurasia,23.312,92.83,ngal1291,,ngala ngalamcsb,
NgaLa-Tuivang,Nga La,Eurasia,23.312,92.83,ngal1291,,ngalathb,Tuivang
HiriMotu,Hiri Motu,Papunesia,-9.33333,147.083,hiri1237,,hirimotu,
CaribbeanHindustani,Caribbean Hindustani,South America,5.722918,-55.333168,cari1275,,caribbeanhindustanint,
Hopi,Hopi,North America,35.7653,-110.535,hopi1249,,hopint,
Hote,Hote,Papunesia,-7.07708,146.869,hote1245,,hote,
Holiya,Holiya,Eurasia,21.5259,79.9164,holi1239,,holiya,
Hre,Hre,Eurasia,14.6308,108.694,hree1244,,hre,
CroatianStandard,Croatian Standard,Eurasia,45.555,15.982,croa1245,,croatianstandard,
MinicaHuitoto,Minica Huitoto,South America,-1.54535,-73.1107,mini1256,,minicahuitoto,
Huambisa,Huambisa,South America,-3.99109,-77.9797,huam1247,,huambisant,
Huli,Huli,Papunesia,-5.97212,142.963,huli1244,,huli,
Hungarian,Hungarian,Eurasia,46.9068585714,19.6555271429,hung1274,,hungarian,
Huastec,Huastec,North America,21.6153,-98.5028,huas1242,,huastecnt1971 huastecnt2005,
MuruiHuitoto,Murui Huitoto,South America,-1.13669,-73.8331,muru1274,,muruihuitotont,
SanMateodelMarHuave,San Mateo del Mar Huave,North America,16.2129,-95.0077,sanm1287,,sanmateodelmarhuavent,
Hawu,Hawu,Papunesia,-10.5522,121.847,sabu1255,,hawu,
HawaiiCreoleEnglish,Hawai'i Creole English,Papunesia,19.6287,-155.437,hawa1247,,hawaiicreoleenglish,
Iatmul,Iatmul,Papunesia,-4.30064,143.316,iatm1242,,iatmul,
Ibaloi,Ibaloi,Papunesia,16.4263,120.695,ibal1244,,ibaloi,
Igbo,Igbo,Africa,4.62705,7.23441,nucl1417,,igbo,
AmganadIfugao,Amganad Ifugao,Papunesia,16.9016,121.042,amga1235,,amganadifugao,
BatadIfugao,Batad Ifugao,Papunesia,16.8266,121.23,bata1298,,batadifugao,
TuwaliIfugao,Tuwali Ifugao,Papunesia,16.6646,121.113,tuwa1243,,tuwaliifugao,
MayoyaoIfugao,Mayoyao Ifugao,Papunesia,16.9984,121.29,mayo1262,,mayoyaoifugao,
KeleyiKallahan,Keley-i Kallahan,Papunesia,16.7099,121.035,kele1259,,keleyikallahan,
Ignaciano,Ignaciano,South America,-15.1188,-65.3993,igna1246,,ignacianont,
Ika,Ika,Africa,6.36423,6.31058,ikaa1238,,ikant,
Ikwere,Ikwere,Africa,5.04333,6.86651,ikwe1242,,ikwerent,
Iloko,Iloko,Papunesia,15.9361,120.993,ilok1237,,ilokoulb,
Imbongu,Imbongu,Papunesia,-6.13629,144.026,imbo1238,,imbongu,
ColombianInga,Colombian Inga,South America,1.00313,-76.8606,inga1252,,colombianinga,
StandardIndonesian,Standard Indonesian,Papunesia,-7.33458,109.716,indo1316,,standardindonesian standardindonesianags standardindonesianayt,
InokeYate,Inoke-Yate,Papunesia,-6.32311,145.539,inok1238,,inokeyate2013 inokeyate,
TumaIrumu,Tuma-Irumu,Papunesia,-6.29221,146.609,tuma1250,,tumairumu,
Ipili,Ipili,Papunesia,-5.42586,143.089,ipil1240,,ipili,
Ikwo,Ikwo,Africa,,,ikwo1238,,ikwo,
Isnag,Isnag,Papunesia,18.2139,121.16,isna1241,,isnag,
Icelandic,Icelandic,Eurasia,63.4837,-19.0212,icel1247,,icelandic,
Isanzu,Isanzu,Africa,-3.99991,34.846,isan1243,,isanzu,
Italian,Italian,Eurasia,43.0464,12.6489,ital1282,,italian1885 italian1927,
Ibatan,Ibatan,Papunesia,18.9398,121.909,ibat1238,,ibatan,
Itbayat,Itbayat,Papunesia,20.77,121.85,ivat1242,,itbayat,
SepikIwam,Sepik Iwam,Papunesia,-4.30928,142.117,sepi1255,,sepikiwam,
Ixil-Cotzal,Ixil,North America,15.4569,-90.8935,ixil1251,,ixilcnt,Cotzal
Ixil-Nebaj,Ixil,North America,15.4569,-90.8935,ixil1251,,ixilnnt,Nebaj
Izi,Izi,Africa,6.33,8.0,izii1239,,izi,
Madi,Madi,South America,-7.62223,-66.5662,jama1261,,madi,
Popti,Popti',North America,15.6609,-91.6633,popt1235,,poptint,
Yabem,Yabem,Papunesia,-6.67052,147.81,yabe1254,,yabem,
Yanyuwa,Yanyuwa,Australia,-15.7621,136.055,yany1243,,yanyuwa,
Jibu,Jibu,Africa,7.49214,11.3086,jibu1239,,jibu,
Tol,Tol,North America,14.6686,-87.0372,toll1241,,tolnt,
Bu,Bu,Africa,9.05077,8.65697,buuu1244,,bu,
Shuar,Shuar,South America,-3.45136,-78.1892,shua1257,,shuarnt,
Janji,Janji,Africa,10.1197,8.63029,janj1240,,janji,
Japanese,Japanese,Eurasia,35.0,135.0,nucl1643,,japanese1965,
Juray,Juray,Eurasia,19.091,84.1204,jura1242,,juray,
CaribbeanJavanese,Caribbean Javanese,South America,5.62695,-54.6305,cari1276,,caribbeanjavanesent,
Kannada,Kannada,Eurasia,13.5878,76.1198,nucl1305,,kannada2010 kannada2017 kannadaokcv,
Capanahua,Capanahua,South America,-6.63254,-74.3813,capa1241,,capanahuant,
Kadiweu,Kadiwéu,South America,-19.7222,-57.582,kadi1248,,kadiweunt,
Camsa,Camsá,South America,1.14537,-76.8931,cams1241,,camsa,
Iwal,Iwal,Papunesia,-7.20938,146.983,iwal1237,,iwal,
Keliko,Keliko,Africa,3.56039,30.556,keli1248,,keliko,
Kamano,Kamano,Papunesia,-6.25829,145.728,kama1370,,kamano,
MangaKanuri,Manga Kanuri,Africa,13.557,10.701,mang1399,,mangakanuri,
KazymBerezoverSuryskarerKhanty,Kazym-Berezover-Suryskarer Khanty,Eurasia,62.4308,66.1218,khan1273,,kazymberezoversuryskarerkhanty,
Kutu,Kutu,Africa,-7.23789,37.8623,kutu1263,,kutu,
Makonde,Makonde,Africa,-10.9906,39.5133,mako1251,,makonde,
Tem,Tem,Africa,8.967,1.136,temm1241,,tem,
Tsikimba,Tsikimba,Africa,9.60496,4.88739,tsik1238,,tsikimbant,
Qeqchi,Q'eqchi',North America,15.3788,-89.2452,kekc1242,,qeqchint,
Kenyang,Kenyang,Africa,5.58288,9.55918,keny1279,,kenyangnt,
WestKewa,West Kewa,Papunesia,-6.32097,143.73,west2599,,westkewa,
Kupia,Kupia,Eurasia,16.4708,79.5153,kupi1238,,kupia,
KondaDora,Konda-Dora,Eurasia,18.26754,82.93402,kond1295,,kondadora,
KharamNaga,Kharam Naga,Eurasia,25.2738,94.0503,khar1288,,kharamnaga,
KulungtfuYuanggengTobo,Kulungtfu-Yuanggeng-Tobo,Papunesia,-6.42586,147.536,kube1244,,kulungtfuyuanggengtobo,
Kaiwa,Kaiwá,South America,-24.589,-54.6815,kaiw1246,,kaiwant,
Kaingang,Kaingang,South America,-27.7671,-52.5394,kain1272,,kaingangnt,
Kasua,Kasua,Papunesia,-6.64861,142.993,kasu1251,,kasua,
Keapara-Kalo,Keapara,Papunesia,-10.1342,147.95,keap1239,,keapara,Kalo
Kilivila,Kilivila,Papunesia,-8.72574,151.072,kili1267,,kilivila,
Kikuyu,Kikuyu,Africa,-0.29005,36.719,kiku1240,,kikuyu,
NortheastKiwai-Kope,Northeast Kiwai,Papunesia,-7.39215,144.667,nort2930,,northeastkiwai,Kope
Kisi,Kisi,Africa,-9.93,34.4825,kisi1243,,kisi,
Kisar,Kisar,Papunesia,-8.05122,127.18,kisa1266,,kisarnt,
WesternParbateKham,Western Parbate Kham,Eurasia,28.6521,82.7348,west2420,,westernparbatekham,
Kunjen-Oykangand,Kunjen,Australia,-16.6807,143.53,kunj1245,,kunjen,Oykangand
EastKewa,East Kewa,Papunesia,-6.32989,143.931,east2516,,eastkewa,
Odoodee,Odoodee,Papunesia,-6.59222,142.486,odoo1238,,odoodee,
Kako,Kako,Africa,3.79989,15.6282,kako1242,,kako,
KosarekYale,Kosarek Yale,Papunesia,-4.06603,139.645,kosa1249,,kosarekyale,
GuuguYimidhirr,Guugu Yimidhirr,Australia,-14.9424,144.831,gugu1255,,guuguyimidhirr,
YuwaalaraayGamilaraay,Yuwaalaraay-Gamilaraay,Australia,-29.9037,149.543,gami1243,,yuwaalaraaygamilaraay,
Nukna,Nukna,Papunesia,-6.0177,146.969,nukn1238,,nukna,
Maskelynes,Maskelynes,Papunesia,-16.5073,167.818,mask1242,,maskelynes,
Konni,Konni,Africa,10.2368,-1.54376,konn1242,,konni,
Kate,Kâte,Papunesia,-6.4795,147.757,kate1253,,kate,
Kalam,Kalam,Papunesia,-5.25216,144.585,kala1397,,kalamm,
Kalam-central,Kalam,Papunesia,-5.25216,144.585,kala1397,,kalam,central
LimosKalinga,Limos Kalinga,Papunesia,17.6081,121.381,limo1248,,limoskalinga,
Kwoma-KwomaorWashkuk,Kwoma,Papunesia,-4.08721,142.664,kwom1262,,kwoma,Kwoma or Washkuk
Kamasau,Kamasau,Papunesia,-3.8503,143.842,kama1367,,kamasau,
Kanite,Kanite,Papunesia,-6.38841,145.556,kani1286,,kanite,
LubuaganKalinga,Lubuagan Kalinga,Papunesia,17.3879,121.0365,lubu1243,,lubuagankalinga,
Kankanaey,Kankanaey,Papunesia,16.8548,120.689,kank1243,,kankanaey,
Mankanya,Mankanya,Africa,12.2615066667,-15.74389,mank1251,,mankanya,
Akateko,Akateko,North America,15.5932,-91.8421,west2635,,akatekont,
Tabo-AramiaRiver,Tabo,Papunesia,-8.09387,143.305,tabo1241,,taboaramia,Aramia River
Cogui,Cogui,South America,10.9485,-73.8043,cogu1240,,cogui,
Kosraean,Kosraean,Papunesia,5.31,162.98,kosr1238,,kosraean,
Komba,Komba,Papunesia,-6.16163,147.28,komb1273,,komba,
Kapingamarangi,Kapingamarangi,Papunesia,1.039166,154.797223,kapi1249,,kapingamarangi,
Karaja,Karajá,South America,-11.1881,-50.3492,kara1500,,karajant,
KorafeYegha-Yegha,Korafe-Yegha,Papunesia,-9.07,149.267,kora1294,,korafeyegha,Yegha
Kobon,Kobon,Papunesia,-5.16446,144.46,kobo1249,,kobon,
MountainKoiali,Mountain Koiali,Papunesia,-9.06973,147.384,moun1252,,mountainkoiali,
Mum,Mum,Papunesia,-4.83462,145.059,mumm1238,,mum,
DoromuKoki,Doromu-Koki,Papunesia,-9.56687,147.986,doro1266,,doromukoki,
Kalagan-Eastern,Kalagan,Papunesia,6.8126,125.328,kala1388,,kalagan,Eastern
Kalagan,Kalagan,Papunesia,6.8126,125.328,kala1388,,kalaganw,
Kakabai,Kakabai,Papunesia,-10.2976,150.027,kaka1267,,kakabai,
Kyenele,Kyenele,Papunesia,-4.66964,143.855,kyen1243,,kyenele,
Kimre,Kimre,Africa,9.42071,16.9423,kimr1241,,kimre,
Kandas,Kandas,Papunesia,-4.3652,152.781,kand1301,,kandas,
Kinaraya,Kinaray-a,Papunesia,10.8131,122.297,kina1250,,kinaraya,
Karon,Karon,Africa,12.9918,-16.7382,karo1294,,karon,
Bangad,Bangad,Papunesia,17.2936,121.068,sout2908,,bangad,
Kuanua,Kuanua,Papunesia,-4.30986,152.114,kuan1248,,kuanua,
Uare,Uare,Papunesia,-9.69571,147.687,uare1241,,uare,
Kaba,Kaba,Africa,7.64972,16.7344,kaba1281,,kaba,
Borong,Borong,Papunesia,-6.56688,147.511,boro1279,,borong,
PlapoKrumen,Plapo Krumen,Africa,4.56109,-7.30644,plap1239,,plapokrumen,
Kurti,Kurti,Papunesia,-2.01187,147.036,kurt1250,,kurti,
Kuot,Kuot,Papunesia,-3.06952,151.537,kuot1243,,kuot,
Auhelawa,'Auhelawa,Papunesia,-10.0959,151.002,auhe1237,,auhelawa2014 auhelawa,
Kuman,Kuman,Papunesia,-5.90586,144.977,kuma1280,,kuman,
Kunimaipa,Kunimaipa,Papunesia,-8.09371,146.908,kuni1267,,kunimaipa,
Kusaal,Kusaal,Africa,10.9703,-0.38756,kusa1250,,kusaal,
Kukatja,Kukatja,Australia,-20.3321,127.666,kuka1246,,kukatja,
KuniBoazi-Kuni,Kuni-Boazi,Papunesia,-6.97504,141.365,kuni1265,,kuniboazi,Kuni
BorderKuna,Border Kuna,South America,7.92993,-77.1664,bord1248,,borderkunant,
Kwaio,Kwaio,Papunesia,-8.93744,160.965,kwai1243,,kwaio,
Kwaraae,Kwara'ae,Papunesia,-8.75779,160.804,kwar1239,,kwaraae,
AwaCuaiquer,Awa-Cuaiquer,South America,1.21652,-78.3401,awac1239,,awacuaiquer,
Kwanga,Kwanga,Papunesia,-3.74263,142.711,kwan1278,,kwanga,
ManumanawKaren,Manumanaw Karen,Eurasia,19.165,96.9531,manu1255,,manumanawkaren,
Kuvi,Kuvi,Eurasia,18.8832,83.7552,kuvi1243,,kuvi,
Konai,Konai,Papunesia,-5.66011,142.069,kona1242,,konai,
ButbutKalinga,Butbut Kalinga,Papunesia,17.2239,121.091,butb1235,,butbutkalinga,
Kyaka,Kyaka,Papunesia,-5.52462,144.119,kyak1244,,kyaka,
Kouya,Kouya,Africa,7.27375,-6.5685,kouy1238,,kouya,
Keyagana,Keyagana,Papunesia,-6.47599,145.464,keya1238,,keyagana,
Kenga,Kenga,Africa,11.6816,18.1464,keng1240,,kenga,
WesternKayah,Western Kayah,Eurasia,18.687,97.4877,west2409,,westernkayah westernkayahk,
Kayabi,Kayabí,South America,-11.2747,-55.5479,kaya1329,,kayabint,
Kosena,Kosena,Papunesia,-6.46414,145.66,kose1239,,kosena,
Lacandon,Lacandon,North America,17.02093,-91.42348,laca1243,,lacandonnt,
Latin,Latin,Eurasia,41.9026,12.4502,lati1261,,latinvuc,
Label,Label,Papunesia,-4.46971,152.678,labe1239,,label,
LehLadakhi,Leh Ladakhi,Eurasia,33.468,80.6013,lada1244,,lehladakhi,
CentralBontoc,Central Bontoc,Papunesia,17.08,120.92,cent2292,,centralbontoc,
Lodhi,Lodhi,Eurasia,20.8954,84.9463,lodh1246,,lodhi,
Tungag-Tungag,Tungag,Papunesia,-2.52188,150.198,tung1290,,tungag,Tungag
WesternLawa,Western Lawa,Eurasia,19.8678,99.2057,west2396,,westernlawa,
KaraPapuaNewGuinea,Kara (Papua New Guinea),Papunesia,-2.81957,151.111,kara1486,,karapapuanewguinea,
Luang,Luang,Papunesia,-8.18378,127.944,luan1263,,luang,
Wala,Wala,Papunesia,-8.81936,160.741,wala1266,,wala,
LahuShi,Lahu Shi,Eurasia,21.2078,100.97,lahu1252,,lahushi,
Nyindrou,Nyindrou,Papunesia,-2.1143,146.627,nyin1250,,nyindrou,
Limbu,Limbu,Eurasia,27.2703,87.8859,limb1266,,limbunt2 limbunt,
Liko,Liko,Africa,2.13777,27.6088,lika1243,,liko,
KinshasaLingala,Kinshasa Lingala,Africa,-4.409174,15.28532,ling1263,,kinshasalingala,
Sekpele,Sekpele,Africa,7.16751,0.5886,sekp1241,,sekpele,
Lithuanian,Lithuanian,Eurasia,55.1429,23.9601,lith1251,,lithuanian,
Lole,Lole,Papunesia,-10.8069,123.085,lole1239,,lole,
Lau,Lau,Papunesia,-8.51018,160.872,lauu1247,,lau,
Lumun,Lumun,Africa,10.8308,30.253,lumu1239,,lumun,
Logo,Logo,Africa,3.32608,29.8866,logo1259,,logo,
Lobala,Lobala,Africa,2.04881,18.3667,loba1239,,lobala,
Laragia,Laragia,Australia,-12.4111,130.922,lara1258,,laragia,
LaruNorthSudan,Laru (North Sudan),Africa,11.3915,30.3824,laro1243,,larunorthsudan,
Aringa,Aringa,Africa,3.56143,31.3071,arin1244,,aringa,
Ganda,Ganda,Africa,0.66884,32.15153,gand1255,,ganda,
LuoKenyaandTanzania,Luo (Kenya and Tanzania),Africa,-0.93296,34.4896,luok1236,,luokenyaandtanzania,
Luwo,Luwo,Africa,7.35089,28.1378,luwo1239,,luwo,
Lewo,Lewo,Papunesia,-16.7612,168.334,lewo1242,,lewo,
SanJeronimoTecoatlMazatec,San Jerónimo Tecóatl Mazatec,North America,18.1999,-96.8833,sanj1286,,sanjeronimotecoatlmazatecnt,
Maithili,Maithili,Eurasia,26.3817,86.2211,mait1250,,maithili,
JalapaDeDiazMazatec,Jalapa De Díaz Mazatec,North America,18.0803,-96.4977,jala1237,,jalapadediazmazatecnt,
Malayalam,Malayalam,Eurasia,9.59208,76.7651,mala1464,,malayalam malayalamc,
Mam-Comitancillo,Mam,North America,14.8034,-91.7231,mamm1241,,mamc,Comitancillo
Mam-TodosSantos,Mam,North America,14.8034,-91.7231,mamm1241,,mamnt,Todos Santos
ChiquihuitlanMazatec,Chiquihuitlán Mazatec,North America,18.0541,-96.6659,chiq1250,,chiquihuitlanmazatecnt,
Marathi,Marathi,Eurasia,17.9344,76.6665,mara1378,,marathi,
HuautlaMazatec,Huautla Mazatec,North America,18.2556,-96.724,huau1238,,huautlamazatecnt,
SatereMawe,Sateré-Mawé,South America,-3.63897,-56.8749,sate1243,,sateremawent,
CentralMazahua,Central Mazahua,North America,19.7357,-100.018,cent2144,,centralmazahuant,
WesternBukidnonManobo,Western Bukidnon Manobo,Papunesia,7.6682,124.825,west2555,,westernbukidnonmanoboot,
Macushi,Macushi,South America,4.31861,-60.2209,macu1259,,macushint,
DibabawonManobo,Dibabawon Manobo,Papunesia,7.85664,126.018,diba1242,,dibabawonmanobo,
Mangseng,Mangseng,Papunesia,-5.89752,150.68,mang1403,,mangseng,
IlianenManobo,Ilianen Manobo,Papunesia,7.34448,124.766,ilia1236,,ilianenmanobo,
Nadeb,Nadëb,South America,-1.24449,-66.3068,nade1244,,nadebnt,
Maxakali,Maxakalí,South America,-16.9402,-40.7891,maxa1247,,maxakalint,
SaranganiManobo,Sarangani Manobo,Papunesia,5.84903,125.499,sara1327,,saranganimanobo,
MatigsalugManobo,Matigsalug Manobo,Papunesia,7.72124,125.16,mati1250,,matigsalugmanobont,
Maka,Maká,South America,-25.0119,-57.3694,maca1260,,maka,
Machiguenga,Machiguenga,South America,-12.1291,-72.5017,mach1267,,machiguengant,
Sharanahua,Sharanahua,South America,-9.8626,-71.1232,shar1245,,sharanahuant,
Matses,Matsés,South America,-5.73914,-72.6281,mats1244,,matsesnt,
CoatlanMixe,Coatlán Mixe,North America,16.9404,-95.4659,coat1238,,coatlanmixent,
Makaa,Makaa,Africa,4.15471,13.0789,maka1304,,makaa,
Ese,Ese,Papunesia,-9.09451,148.376,esee1247,,ese,
Menya,Menya,Papunesia,-7.17425,146.071,meny1245,,menya,
DongaMambila,Donga Mambila,Africa,6.43829,11.41953,came1252,,dongamambila,
Mayogo,Mayogo,Africa,2.79827,27.8282,mayo1261,,mayogo,
MaleEthiopia,Male (Ethiopia),Africa,5.91975,36.9892,male1284,,maleethiopiaeth,
Melpa,Melpa,Papunesia,-5.62644,144.34,melp1238,,melpa,
Mengen,Mengen,Papunesia,-5.47036,151.373,meng1267,,mengen,
Mekeo,Mekeo,Papunesia,-8.23853,146.586,meke1243,,mekeo,
Merey,Merey,Africa,10.7458,14.09,mere1246,,merey,
Mato,Mato,Papunesia,-5.91639,146.859,mato1252,,mato,
Motu,Motu,Papunesia,-9.67492,147.424,motu1246,,motu,
Matal,Matal,Africa,10.9284,14.0474,mata1306,,matal,
Wandala,Wandala,Africa,11.3169,13.8996,wand1278,,wandala,
Mayo,Mayo,North America,26.4522,-108.981,mayo1264,,mayo,
Morokodo,Morokodo,Africa,5.5103,30.0229,moro1284,,morokodo,
Mango,Mango,Africa,8.75884,16.9082,mang1398,,mango,
MakhuwaMeetto,Makhuwa-Meetto,Africa,-11.9553,38.6874,makh1261,,makhuwameetto2016 makhuwameetto,
Malila,Malila,Africa,-9.16619,33.339,mali1279,,malila,
Matumbi,Matumbi,Africa,-8.53734,39.0409,matu1259,,matumbi,
Mauwake,Mauwake,Papunesia,-4.52416,145.394,mauw1238,,mauwake,
AtatlahucaMixtec,Atatláhuca Mixtec,North America,17.07133,-97.67753,atat1238,,atatlahucamixtecnt,
Mikmaq,Mi'kmaq,North America,46.0,-64.0,mikm1235,,mikmaqmiqnt,
OcotepecMixtec,Ocotepec Mixtec,North America,17.144191,-97.763219,ocot1243,,ocotepecmixtecnt,
MofuGudur,Mofu-Gudur,Africa,10.567,14.0314,mofu1248,,mofugudur,
SanMiguelElGrandeMixtec,San Miguel El Grande Mixtec,North America,17.046881,-97.622482,sanm1295,,sanmiguelelgrandemixtecnt,
ChayucoMixtec,Chayuco Mixtec,North America,16.42,-97.83,chay1249,,chayucomixtecnt,
PenolesMixtec,Peñoles Mixtec,North America,17.0671,-97.0101,peno1244,,penolesmixtecnt,
AlacatlatzalaMixtec,Alacatlatzala Mixtec,North America,17.25,-98.58,alac1244,,alacatlatzalamixtec,
PinotepaNacionalMixtec,Pinotepa Nacional Mixtec,North America,16.3043,-97.9966,pino1237,,pinotepanacionalmixtecnt,
IsthmusMixe,Isthmus Mixe,North America,16.9481,-95.0681,isth1238,,isthmusmixent,
SouthernPueblaMixtec,Southern Puebla Mixtec,North America,18.2123,-97.9572,sout3001,,southernpueblamixtecnt,
AyutlaMixtec,Ayutla Mixtec,North America,16.96667,-99.0967,ayut1236,,ayutlamixtec,
CoatzospanMixtec,Coatzospan Mixtec,North America,18.048748,-96.763633,coat1241,,coatzospanmixtecnt,
SanJuanColoradoMixtec,San Juan Colorado Mixtec,North America,16.46073,-97.95446,sanj1281,,sanjuancoloradomixtecnt,
Mokilese,Mokilese,Papunesia,6.65651,159.776,moki1238,,mokilese,
Mokole,Mokole,Africa,11.0438,3.05998,moko1243,,mokole,
KupangMalay,Kupang Malay,Papunesia,-10.2526,123.63,kupa1239,,kupangmalay,
SilacayoapanMixtec,Silacayoapan Mixtec,North America,17.5541,-98.1163,sila1250,,silacayoapanmixtecnt,
Manambu,Manambu,Papunesia,-4.19082,142.862,mana1298,,manambu,
Mape,Mape,Papunesia,-6.59318,147.682,mape1249,,mape,
Bargam,Bargam,Papunesia,-4.8723,145.756,barg1252,,bargam,
Mamanwa,Mamanwa,Papunesia,9.44744,125.548,mama1275,,mamanwa,
ManggaBuang,Mangga Buang,Papunesia,-6.99891,146.685,mang1404,,manggabuang,
Madak,Madak,Papunesia,-3.34342,151.967,mada1285,,madak,
Mbula,Mbula,Papunesia,-5.66965,148.041,mbul1263,,mbula,
Manipuri,Manipuri,Eurasia,24.4409,93.3426,mani1292,,manipuri,
RennellBellona,Rennell-Bellona,Papunesia,-11.6237,160.265,renn1242,,rennellbellona,
Mwan,Mwan,Africa,7.87533,-5.94577,mwan1250,,mwan,
Mopan,Mopan,North America,16.3533,-89.0673,mopa1243,,mopannt,
Molima,Molima,Papunesia,-9.57457,150.614,moli1248,,molima,
Mukulu,Mukulu,Africa,11.8644,18.1822,muku1242,,mukulu,
Mawng,Mawng,Australia,-11.66,133.376,maun1240,,mawng,
MartuWangka,Martu Wangka,Australia,-23.350911655789,123.66842240336,mart1256,,martuwangka,
YosonduaMixtec,Yosondúa Mixtec,North America,16.874,-97.579,yoso1239,,yosonduamixtecnt,
Migabac,Migabac,Papunesia,-6.33237,147.713,miga1241,,migabac,
Dadibi,Dadibi,Papunesia,-6.65765,144.511,dadi1250,,dadibi,
Mian,Mian,Papunesia,-4.70881,141.523,mian1256,,mian,
MisimaPaneati,Misima-Paneati,Papunesia,-10.6821,152.696,misi1243,,misimapaneati,
Mbuko,Mbuko,Africa,10.7788,14.1677,mbuk1243,,mbukont,
Mamasa,Mamasa,Papunesia,-3.0811,119.484,mama1276,,mamasant,
MariaIndia,Maria (India),Eurasia,19.7875,79.9144,mari1414,,mariaindia,
Masbatenyo,Masbatenyo,Papunesia,12.21453,123.63579,masb1238,,masbatenyo,
SankaranManinka,Sankaran Maninka,Africa,10.0962,-10.569,sank1253,,sankaranmaninka,
Mansaka,Mansaka,Papunesia,6.79221,126.181,mans1262,,mansaka,
AgusanManobo,Agusan Manobo,Papunesia,8.62731,125.742,agus1235,,agusanmanobont,
Aruamu,Aruamu,Papunesia,-4.28957,144.842,arua1260,,aruamu2020 aruamu,
CotabatoManobo,Cotabato Manobo,Papunesia,6.39417,124.234,cota1241,,cotabatomanobo,
MaiwaPapuaNewGuinea,Maiwa (Papua New Guinea),Papunesia,-9.69836,149.274,maiw1251,,maiwapapuanewguinea,
TotontepecMixe,Totontepec Mixe,North America,17.2157,-96.0179,toto1305,,totontepecmixent,
Mundu,Mündü,Africa,4.22755,29.9967,mund1326,,mundu,
Murle,Murle,Africa,6.69756,33.988,murl1244,,murle,
BoUng-MaraGomu,Bo-Ung,Papunesia,-5.8626,144.086,boun1245,,boung,Mara-Gomu
Muyang,Muyang,Africa,10.86047,14.21246,muya1243,,muyang,
Manam,Manam,Papunesia,-4.07921,145.033,mana1295,,manam,
Minaveha,Minaveha,Papunesia,-9.59922,150.501,mina1269,,minaveha,
Are,Are,Papunesia,-9.67147,149.999,aree1239,,are,
MweraChimwera,Mwera (Chimwera),Africa,-9.75639,38.8762,mwer1248,,mwerachimwera,
MurrinyPatha,Murriny Patha,Australia,-14.74852,129.70152,murr1258,,murrinypatha2018,
KalaLagawYa,Kala Lagaw Ya,Australia,-10.6748,142.196,kala1377,,kalalagawya,
TezoatlanMixtec,Tezoatlán Mixtec,North America,17.6155,-97.9002,tezo1238,,tezoatlanmixtecnt,
TlahuitoltepecMixe,Tlahuitoltepec Mixe,North America,16.9634,-96.1186,tlah1239,,tlahuitoltepecmixent,
JuquilaMixe,Juquila Mixe,North America,16.8912,-95.8484,juqu1238,,juquilamixent,
JamiltepecMixtec,Jamiltepec Mixtec,North America,16.2279,-97.8417,jami1235,,jamiltepecmixtecnt,
MetlatonocMixtec,Metlatónoc Mixtec,North America,17.1947,-98.35138,metl1238,,metlatonocmixtec,
Burmese,Burmese,Eurasia,20.7926,93.9665,nucl1310,,burmese burmesejvb,
MamaraSenoufo,Mamara Senoufo,Africa,12.4871,-5.28245,mama1271,,mamarasenoufo,
Munduruku,Mundurukú,South America,-8.41095,-57.691,mund1330,,munduruku,
Muyuw,Muyuw,Papunesia,-9.195,152.731,muyu1244,,muyuw,
Macuna,Macuna,South America,-0.14459,-70.0749,macu1260,,macuna,
SantaMariaZacatepecMixtec,Santa María Zacatepec Mixtec,North America,16.7003,-97.9484,sant1436,,santamariazacatepecmixtec,
Maiadomu,Maiadomu,Papunesia,-9.47132,150.76,maia1251,,maiadomu,
SouthernNambikuara,Southern Nambikuára,South America,-14.3707,-59.5187,sout2994,,southernnambikuarant,
Nabak,Nabak,Papunesia,-6.42709,146.966,naba1256,,nabak,
NagaPidgin,Naga Pidgin,Eurasia,25.2508,93.4438,naga1394,,nagapidgin,
Nakanai,Nakanai,Papunesia,-5.59931,150.888,naka1262,,nakanai,
Nalik,Nalik,Papunesia,-2.94411,151.332,nali1244,,nalik,
Naasioi-Kongara,Naasioi,Papunesia,-6.46022,155.632,naas1242,,naasioi,Kongara
Nawuri,Nawuri,Africa,8.45116,0.04947,nawu1242,,nawuri,
Narrinyeri,Narrinyeri,Australia,-36.2301,140.158,narr1259,,narrinyeri,
Nggem,Nggem,Papunesia,-3.62735,139.011,ngge1241,,nggem,
Iyo,Iyo,Papunesia,-5.84161,146.092,iyoo1238,,iyo,
Yale,Yale,Papunesia,-3.79762,141.566,yale1246,,yale,
CentralHuastecaNahuatl,Central Huasteca Nahuatl,North America,21.0963,-98.4356,cent2134,,centralhuastecanahuatlbl,
NorthernPueblaNahuatl,Northern Puebla Nahuatl,North America,20.1356,-97.9814,nort2957,,northernpueblanahuatlnt,
MichoacanNahuatl,Michoacán Nahuatl,North America,18.3412,-103.361,mich1245,,michoacannahuatlnt,
NorthernKatang,Northern Katang,Eurasia,16.18229,106.4588,nort3270,,northernkatang,
Chumburung,Chumburung,Africa,8.15211,-0.2755,chum1261,,chumburungnt,
ZimbabweanNdebele,Zimbabwean Ndebele,Africa,-20.2513,27.4096,nort2795,,zimbabweanndebele,
Ndengereko,Ndengereko,Africa,-7.54628,38.958,nden1248,,ndengereko,
Ndali,Ndali,Africa,-9.88948,33.6118,ndal1241,,ndali,
Ndamba,Ndamba,Africa,-8.40485,36.0271,ndam1239,,ndamba,
Ndut,Ndut,Africa,14.925,-16.9811,ndut1239,,ndut,
Ndogo,Ndogo,Africa,7.73028,27.5588,ndog1248,,ndogo,
KathmanduValleyNewari,Kathmandu Valley Newari,Eurasia,27.67,85.326,newa1246,,kathmanduvalleynewari,
Dhao,Dhao,Papunesia,-10.8098,122.658,dhao1237,,dhao,
Ngulu,Ngulu,Africa,-5.79734,37.6823,ngul1246,,ngulu,
CentralGuerreroNahuatl,Central Guerrero Nahuatl,North America,17.8583,-99.0023,guer1241,,centralguerreronahuatlnt,
EasternHuastecaNahuatl-HuastecaOriental,Eastern Huasteca Nahuatl,North America,21.0639,-97.9077,east2538,,easternhuastecanahuatlbl easternhuastecanahuatlnt,Huasteca Oriental
TetelcingoNahuatl,Tetelcingo Nahuatl,North America,18.8854,-98.893,tete1251,,tetelcingonahuatlnt,
ZacatlanAhuacatlanTepetzintlaNahuatl,Zacatlán-Ahuacatlán-Tepetzintla Nahuatl,North America,20.0581,-97.8974,zaca1241,,zacatlanahuacatlantepetzintlanahuatlnt,
Takuu,Takuu,Papunesia,-4.773094,157.032085,taku1257,,takuu,
Naro,Naro,Africa,-22.0939,20.7458,naro1249,,naro,
Noone,Noone,Africa,6.37256,10.5707,noon1243,,noonent,
WesternHuastecaNahuatl,Western Huasteca Nahuatl,North America,21.3711,-98.7711,west2624,,westernhuastecanahuatlbl,
IsthmusMecayapanNahuatl,Isthmus-Mecayapan Nahuatl,North America,18.2,-94.7547,isth1242,,isthmusmecayapannahuatl,
NorthernOaxacaNahuatl,Northern Oaxaca Nahuatl,North America,18.1884,-96.9748,nort2958,,northernoaxacanahuatlnt,
Nek,Nek,Papunesia,-6.37697,146.841,nekk1240,,nek,
Nii-CentralWahgi,Nii,Papunesia,-5.763,144.518,niii1240,,nii,Central Wahgi
Ninzo,Ninzo,Africa,8.95791,8.47328,ninz1246,,ninzont,
Ngiti,Ngiti,Africa,1.30455,30.2242,ngit1239,,ngiti,
Nkonya,Nkonya,Africa,7.20316,0.3209,nkon1248,,nkonyant,
Dutch,Dutch,Eurasia,52.0,5.0,dutc1256,,dutch1939 dutch,
Gela,Gela,Papunesia,-9.04587,160.186,gela1263,,gela,
NahaliBaglani,Nahali-Baglani,Eurasia,21.43,74.827,naha1261,,nahalibaglani,
Nimoa-Rifao,Nimoa,Papunesia,-11.2297,153.158,nimo1246,,nimoas,Rifao
Nyangumarta,Nyangumarta,Australia,-20.6271,121.391,nyan1301,,nyangumarta,
Ngindo,Ngindo,Africa,-9.78145,37.9832,ngin1244,,ngindo,
SouthernNuni,Southern Nuni,Africa,11.5186,-2.14385,sout2795,,southernnuni,
WounMeu-alternatespelling,Woun Meu,South America,8.5,-78.0,woun1238,,wounmeue,alternate spelling
WounMeu-standardspelling,Woun Meu,South America,8.5,-78.0,woun1238,,wounmeuh,standard spelling
NorwegianBokmal,Norwegian Bokmål,Eurasia,61.112,8.886,norw1259,,norwegianbokmallb,
NorthernThai,Northern Thai,Eurasia,18.857495,100.20739,nort2740,,northernthai,
Numanggang,Numanggang,Papunesia,-6.39311,146.719,numa1254,,numanggang,
Nomatsiguenga,Nomatsiguenga,South America,-11.5349,-74.4371,noma1263,,nomatsiguengant,
EwageNotu,Ewage-Notu,Papunesia,-8.68756,148.405,ewag1241,,ewagenotu,
Nepali,Nepali,Eurasia,28.0,85.0,nepa1254,,nepali2010 nepaliulb,
SoutheasternPueblaNahuatl,Southeastern Puebla Nahuatl,North America,18.39688,-97.12655,sout2973,,southeasternpueblanahuatlnt,
Nehan,Nehan,Papunesia,-4.56875,154.2,neha1247,,nehan,
Nali,Nali,Papunesia,-2.14273,147.202,nali1245,,nali,
SierraNegraNahuatl,Sierra Negra Nahuatl,North America,18.45,-96.9,sier1248,,sierranegranahuatl,
Ngaanyatjarra,Ngaanyatjarra,Australia,-25.7514,127.602,ngaa1240,,ngaanyatjarra,
NorthernTepehuan,Northern Tepehuan,North America,26.4348,-107.379,nort2959,,northerntepehuannt,
Delo,Delo,Africa,7.90997,0.59728,delo1240,,delo,
Natugu,Natügu,Papunesia,-10.6771,165.835,natu1246,,natugu,
Nyole,Nyole,Africa,0.88072,33.9181,nyol1238,,nyole,
Nukumanu,Nukumanu,Papunesia,-4.576321,159.48537,nuku1258,,nukumanu,
Wubuy,Wubuy,Australia,-14.2623,135.753,nung1290,,wubuy,
Namiae,Namiae,Papunesia,-9.18089,148.166,nami1258,,namiae,
Nyabwa,Nyabwa,Africa,6.87615,-6.84428,nyab1255,,nyabwa,
SouthwestTanna,Southwest Tanna,Papunesia,-19.57953,169.35603,sout2869,,southwesttanna,
SouthNuaulu,South Nuaulu,Papunesia,-3.23411,129.148,sout2895,,southnuaulu,
Nyanja,Nyanja,Africa,-14.8047,32.8108,nyan1308,,nyanja,
Giryama,Giryama,Africa,-3.30638,39.6648,giry1241,,giryama,
Nyunga,Nyunga,Australia,-33.1199,118.151,nyun1247,,nyunga,
Nyungwe,Nyungwe,Africa,-16.4757,33.0233,nyun1248,,nyungwe,
NyakyusaNgonde,Nyakyusa-Ngonde,Africa,-9.71018,33.7763,nyak1260,,nyakyusangonde,
OboManobo,Obo Manobo,Papunesia,7.29141,125.09,obom1235,,obomanobont,
Orokaiva-Etija,Orokaiva,Papunesia,-8.79019,148.09,orok1269,,orokaiva,Etija
Orokaiva-Ehija,Orokaiva,Papunesia,-8.79019,148.09,orok1269,,orokaivah,Ehija
EastAmbae,East Ambae,Papunesia,-15.3523,167.89,east2443,,eastambae,
SouthTairora-Aatasara,South Tairora,Papunesia,-6.35337,145.883,sout2943,,southtairoraa,Aatasara
SouthTairora-VeqauraMeauna,South Tairora,Papunesia,-6.35337,145.883,sout2943,,southtairorav,Veqaura (Meauna)
SouthTairora-OmwunraToqura,South Tairora,Papunesia,-6.35337,145.883,sout2943,,southtairora,Omwunra-Toqura
Olo,Olo,Papunesia,-3.2929,142.131,oloo1241,,olo,
Ono,Ono,Papunesia,-6.19223,147.579,onoo1246,,ono,
TohonoOodham,Tohono O'odham,North America,31.7973,-111.995,toho1245,,tohonooodhamnt,
Oksapmin,Oksapmin,Papunesia,-5.20797,142.177,oksa1245,,oksapmin,
Odia,Odia,Eurasia,21.0,85.0,oriy1255,,odia,
MezquitalOtomi,Mezquital Otomi,North America,20.2274,-99.5564,mezq1235,,mezquitalotomint,
EasternHighlandOtomi,Eastern Highland Otomi,North America,20.5991,-98.0978,east2556,,easternhighlandotomint,
TenangoOtomi,Tenango Otomi,North America,20.4262,-98.1751,tena1241,,tenangootomint,
QueretaroOtomi,Querétaro Otomi,North America,20.1396,-100.115,quer1236,,queretarootomint,
EstadodeMexicoOtomi,Estado de México Otomi,North America,19.8781,-99.61,esta1236,,estadodemexicootomint,
Parecis,Parecís,South America,-14.5929,-57.4059,pare1272,,parecisnt,
Pacoh,Pacoh,Eurasia,16.3353,107.094,paco1243,,pacoh,
Paumari,Paumari,South America,-5.78403,-64.2803,paum1247,,paumarint,
TenharimParintintinDiahoi,Tenharim-Parintintin-Diahoi,South America,-7.92626,-61.936,tenh1241,,tenharimparintintindiahoint,
EasternPanjabi,Eastern Panjabi,Eurasia,30.0368,75.6702,panj1256,,easternpanjabi,
NorthernPaiute,Northern Paiute,North America,40.0799,-119.536,nort2954,,northernpaiutent,
Paez,Páez,South America,2.61516,-76.31254,paez1247,,paez,
NigerianPidgin,Nigerian Pidgin,Africa,9.65873,4.21068,nige1257,,nigerianpidgin,
PennsylvaniaGerman,Pennsylvania German,North America,40.030507,-76.3211,penn1240,,pennsylvaniagerman,
Pengo,Pengo,Eurasia,19.3435,83.6552,peng1244,,pengo,
WesternFarsi,Western Farsi,Eurasia,32.9,53.3,west2369,,westernfarsiopv westernfarsiopcb,
Yine,Yine,South America,-11.1086,-73.3087,yine1238,,yinent,
Piapoco,Piapoco,South America,4.37718,-68.5953,piap1246,,piapocont,
Waikhana,Wa'ikhana,South America,0.50714,-69.5032,pira1254,,waikhanant,
PintupiLuritja-Luritja,Pintupi-Luritja,Australia,-23.2963,130.643,pint1250,,pintupiluritja2006,Luritja
Pitjantjatjara,Pitjantjatjara,Australia,-26.9704,131.357,pitj1243,,pitjantjatjara,
SanMarcosTlalcoyalcoPopoloca,San Marcos Tlalcoyalco Popoloca,North America,18.74,-97.5936,sanm1301,,sanmarcostlalcoyalcopopolocant,
Palikur,Palikúr,South America,3.63993,-51.6246,pali1279,,palikur,
BrookesPointPalawano,Brooke's Point Palawano,Papunesia,8.83891,117.871,broo1239,,brookespointpalawano,
Paama,Paama,Papunesia,-16.47548,168.23693,paam1238,,paama,
PapuanMalay,Papuan Malay,Papunesia,-2.53482,139.651,papu1250,,papuanmalay,
SanJuanAtzingoPopoloca,San Juan Atzingo Popoloca,North America,18.22245,-97.37923,sanj1285,,sanjuanatzingopopolocant,
Poqomchi-Occidental,Poqomchi',North America,15.3586,-90.5813,poqo1254,,poqomchint,Occidental
HighlandPopoluca,Highland Popoluca,North America,18.198,-94.9109,high1276,,highlandpopolucant,
Polish,Polish,Eurasia,51.8439,18.6255,poli1260,,polishsz polishubg,
Pohnpeian,Pohnpeian,Papunesia,6.87212,158.223,pohn1238,,pohnpeianpdn pohnpeian2006 pohnpeian2006a pohnpeian,
Portuguese-Brazillian,Portuguese,Eurasia,39.91,-8.1,port1283,,portuguesewbtc,Brazillian
Portuguese-Brasil,Portuguese,Eurasia,39.91,-8.1,port1283,,portugueseblt portuguesebr2018 portuguesebrbsl portuguesetft,Brasil
Pogolo,Pogolo,Africa,-8.72283,36.4148,pogo1243,,pogolo,
Folopa,Folopa,Papunesia,-6.86321,144.458,folo1238,,folopa,
SanLuisTemalacayucaPopoloca,San Luís Temalacayuca Popoloca,North America,18.6812,-97.5459,sanl1248,,sanluistemalacayucapopoloca,
Paranan,Paranan,Papunesia,17.0,122.372,para1306,,paranannt,
Paici,Paicî,Papunesia,-21.096,165.15,paic1239,,paicint,
AsheninkaPerene,Ashéninka Perené,South America,-10.9777,-74.9153,ashe1272,,asheninkaperene,
Patep,Patep,Papunesia,-6.91988,146.639,pate1247,,patep,
Bambam,Bambam,Papunesia,-3.02759,119.201,bamb1270,,bambam,
Gapapaiwa,Gapapaiwa,Papunesia,-9.73317,149.854,gapa1238,,gapapaiwa,
HuallagaHuanucoQuechua,Huallaga Huánuco Quechua,South America,-9.57135,-75.594,hual1241,,huallagahuanucoquechua,
Kiche-Cantel,K'iche',North America,14.5278,-91.1696,kich1262,,kichennt kichetnt,Cantel
Kiche-Totonicapan,K'iche',North America,14.5278,-91.1696,kich1262,,kichett,Totonicapan
LambayequeQuechua,Lambayeque Quechua,South America,-6.1715,-79.468,lamb1276,,lambayequequechuant,
SouthBolivianQuechua,South Bolivian Quechua,South America,-20.9201,-66.3331,sout2991,,southbolivianquechuant,
NorthBolivianQuechua,North Bolivian Quechua,South America,-14.4014,-68.7894,nort2976,,northbolivianquechuant,
SouthernPastazaQuechua,Southern Pastaza Quechua,South America,-3.32733,-76.527,sout2990,,southernpastazaquechuant,
AmboPascoQuechua,Ambo-Pasco Quechua,South America,-10.5138,-76.1135,ambo1252,,ambopascoquechua,
CajamarcaQuechua,Cajamarca Quechua,South America,-7.09314,-78.3214,caja1238,,cajamarcaquechuant,
EasternApurimacQuechua,Eastern Apurímac Quechua,South America,-14.1754,-72.6686,east2551,,easternapurimacquechuant,
HuamaliesDosdeMayoHuanucoQuechua,Huamalíes-Dos de Mayo Huánuco Quechua,South America,-9.15718,-76.3372,huam1248,,huamaliesdosdemayohuanucoquechuant,
MargosYarowilcaLauricochaQuechua,Margos-Yarowilca-Lauricocha Quechua,South America,-9.84463,-76.4981,marg1254,,margosyarowilcalauricochaquechuant,
NorthJuninQuechua,North Junín Quechua,South America,-11.2132,-75.8128,nort2980,,northjuninquechuant,
NapoLowlandQuechua,Napo Lowland Quechua,South America,-0.072525,-76.3889,napo1242,,napolowlandquechua,
SanMartinQuechua,San Martín Quechua,South America,-6.9582,-76.6608,sanm1289,,sanmartinquechuant,
HuayllaWancaQuechua,Huaylla Wanca Quechua,South America,-12.1809,-75.2055,huay1241,,huayllawancaquechuant,
NorthernPastazaQuichua,Northern Pastaza Quichua,South America,-1.88573,-76.0389,nort2973,,northernpastazaquichuant,
HuaylasAncashQuechua,Huaylas Ancash Quechua,South America,-9.38709,-77.7768,huay1240,,huaylasancashquechuant,
PanaoHuanucoQuechua,Panao Huánuco Quechua,South America,-9.85887,-75.4382,pana1306,,panaohuanucoquechuant,
TungurahuaHighlandQuichua,Tungurahua Highland Quichua,South America,-1.35447,-78.3953,sala1272,,tungurahuahighlandquichua,
NorthernConchucosAncashQuechua,Northern Conchucos Ancash Quechua,South America,-8.97356,-77.4146,nort2979,,northernconchucosancashquechuant,
SouthernConchucosAncashQuechua,Southern Conchucos Ancash Quechua,South America,-9.30995,-76.9854,sout2992,,southernconchucosancashquechuant,
Ramoaaina,Ramoaaina,Papunesia,-4.17306,152.451,ramo1244,,ramoaaina,
CentralSouthernTimbira,Central-Southern Timbira,South America,-6.10712,-45.1299,cane1242,,centralsoutherntimbira,
KaraTanzania,Kara (Tanzania),Africa,-1.83511,33.0488,kara1481,,karatanzania,
Ringgou,Ringgou,Papunesia,-10.5515,123.311,ring1244,,ringgou,
Rikbaktsa,Rikbaktsa,South America,-11.1887,-58.1942,rikb1245,,rikbaktsant,
Rembarrnga,Rembarrnga,Australia,-12.9608,134.308,remb1249,,rembarrnga,
CentralRomani,Central Romani,Eurasia,48.1968,20.3129,carp1235,,centralromani centralromanizrb,
BalkanRomani-Crimean,Balkan Romani,Eurasia,42.67,21.17,balk1252,,balkanromani,Crimean
VlaxRomani-Arli,Vlax Romani,Eurasia,46.09,18.16,vlax1238,,vlaxromaniarli,Arli
VlaxRomani-Chergash,Vlax Romani,Eurasia,46.09,18.16,vlax1238,,vlaxromanichergash,Chergash
VlaxRomani-Gurbet,Vlax Romani,Eurasia,46.09,18.16,vlax1238,,vlaxromanigurbet,Gurbet
VlaxRomani-Lovari,Vlax Romani,Eurasia,46.09,18.16,vlax1238,,vlaxromanilovari,Lovari
VlaxRomani-Servi,Vlax Romani,Eurasia,46.09,18.16,vlax1238,,vlaxromaniservi,Servi
VlaxRomani-Vlakh,Vlax Romani,Eurasia,46.09,18.16,vlax1238,,vlaxromanivlakh,Vlakh
Romblomanon,Romblomanon,Papunesia,12.4047,122.56,romb1245,,romblomanon,
Romanian-Cyrillicscript,Romanian,Eurasia,46.3913,24.2256,roma1327,,romanian1924,Cyrillic script
Romanian-Bayash,Romanian,Eurasia,46.3913,24.2256,roma1327,,romanianbayash,Bayash
Romanian,Romanian,Eurasia,46.3913,24.2256,roma1327,,romanianbtf romanianlsb,
Romanian-Ludari,Romanian,Eurasia,46.3913,24.2256,roma1327,,romanianludari,Ludari
Rotokas,Rotokas,Papunesia,-5.94339,155.154,roto1249,,rotokas,
Kriol,Kriol,Australia,-18.135,137.669,krio1252,,kriol,
DelaOenale,Dela-Oenale,Papunesia,-10.8469,122.852,dela1251,,delaoenale,
Waima,Waima,Papunesia,-8.67145,146.544,waim1251,,waima,
Gungu,Gungu,Africa,2.06754,31.4819,gung1250,,gungu,
Luguru,Luguru,Africa,-6.86828,37.5557,lugu1238,,luguru,
Roviana,Roviana,Papunesia,-8.20493,157.408,rovi1238,,roviana,
Russian,Russian,Eurasia,59.0,50.0,russ1263,,russiansyn,
Rawa-Karo,Rawa,Papunesia,-5.83155,145.937,rawa1267,,rawakaro,Karo
Rawa-Rawa,Rawa,Papunesia,-5.83155,145.937,rawa1267,,rawarawa,Rawa
Buglere,Buglere,North America,8.57695,-81.25648,bugl1243,,buglerent,
Sanskrit,Sanskrit,Eurasia,20.0,77.0,sans1269,,sanskritasm sanskritben sanskritbur sanskritcol sanskritdev sanskritguj sanskrithk sanskritias sanskritiso sanskrititr sanskritkan sanskritkhm sanskritmal sanskritori sanskritpun sanskritsin sanskrittam sanskrittel sanskrittha sanskrittib sanskriturd sanskritvel,
SaafiSaafi,Saafi-Saafi,Africa,14.625,-17.0568,saaf1238,,saafisaafi,
Saliba,Saliba,Papunesia,-10.6148,150.727,sali1295,,saliba,
Safwa,Safwa,Africa,-8.54936,33.4766,safw1238,,safwa,
BotolanSambal,Botolan Sambal,Papunesia,15.2315,120.164,boto1242,,botolansambal,
Subiya,Subiya,Africa,-17.5696,24.8867,subi1246,,subiya,
Soli,Soli,Africa,-15.5213,28.7934,soli1239,,soli,
SakachepChorei,Sakachep-Chorei,Eurasia,25.994,93.949,saka1283,,sakachepchorei,
Sena,Sena,Africa,-19.7933,34.9829,nucl1396,,sena,
KoyraboroSenniSonghai,Koyraboro Senni Songhai,Africa,16.9634,-0.55187,koyr1242,,koyraborosennisonghai,
Sentani,Sentani,Papunesia,-2.6013,140.512,nucl1632,,sentani,
Secoya,Secoya,South America,-0.459785,-75.5547,seco1241,,secoyant,
MagAnchiAyta,Mag-Anchi Ayta,Papunesia,15.1954,120.459,maga1263,,maganchiayta,
Sursurunga,Sursurunga,Papunesia,-3.99078,152.768,surs1246,,sursurunga,
Shatt,Shatt,Africa,10.8525,29.7687,shat1244,,shatt,
ShipiboConibo,Shipibo-Conibo,South America,-7.17105,-74.8219,ship1254,,shipiboconibontpo,
Paasaal,Paasaal,Africa,10.2004,-1.8048,paas1238,,paasaal,
TumulungSisaala,Tumulung Sisaala,Africa,10.63451,-1.79707,tumu1242,,tumulungsisaala,
MendePapuaNewGuinea,Mende (Papua New Guinea),Papunesia,-3.67233,142.683,mend1268,,mendepapuanewguinea,
Epena,Epena,South America,4.25877,-77.3566,epen1239,,epenant,
SaltYui,Salt-Yui,Papunesia,-6.26519,145.021,salt1242,,saltyui,
PangutaranSama,Pangutaran Sama,Papunesia,6.27167,120.536,pang1291,,pangutaransama,
Selaru,Selaru,Papunesia,-8.18376,130.961,sela1259,,selaru,
Bolinao,Bolinao,Papunesia,16.3071,119.853,boli1256,,bolinaont,
CentralSama,Central Sama,Papunesia,7.004574,118.455978,cent2092,,centralsama,
Shona,Shona,Africa,-17.20849,29.75725,shon1251,,shona,
Sinaugoro,Sinaugoro,Papunesia,-9.79791,147.861,sina1266,,sinaugoro,
Noon,Noon,Africa,14.792,-16.9205,noon1242,,noon,
SionaTetete,Siona-Tetete,South America,0.31733,-76.0237,sion1247,,sionatetetent,
Siane-Lambau,Siane,Papunesia,-6.13188,145.247,sian1257,,sianelambau,Lambau
Siane-Komongu,Siane,Papunesia,-6.13188,145.247,sian1257,,siane,Komongu
Selee,Selee,Africa,7.17462,0.42458,sele1249,,selee,
Sam,Sam,Papunesia,-5.55572,145.813,samm1244,,sam,
SaniyoHiyewe,Saniyo-Hiyewe,Papunesia,-4.4376,142.369,sani1270,,saniyohiyewe,
Somali,Somali,Africa,4.778704,45.152856,soma1255,,somali,
Kanasi,Kanasi,Papunesia,-10.1658,149.751,kana1288,,kanasi,
Somrai,Somrai,Africa,9.65897,16.6784,somr1248,,somrai,
Miyobe,Miyobe,Africa,9.94366,1.33302,miyo1238,,miyobe,
Spanish-Castellano1909,Spanish,Eurasia,40.4414,-1.11788,stan1288,,spanishrv1909,Castellano 1909
Spanish-LatinAmericaMexico,Spanish,Eurasia,40.4414,-1.11788,stan1288,,spanishbes,Latin America/Mexico
Spanish-Espana,Spanish,Eurasia,40.4414,-1.11788,stan1288,,spanishblm,España
Spanish-SouthAmerica,Spanish,Eurasia,40.4414,-1.11788,stan1288,,spanishpddpt,South America
Spanish,Spanish,Eurasia,40.4414,-1.11788,stan1288,,spanishrvg spanishvbl,
Spanish-Castellano,Spanish,Eurasia,40.4414,-1.11788,stan1288,,spanishrvp,Castellano
Selepet,Selepet,Papunesia,-6.03532,147.234,sele1250,,selepet,
Sepen,Sepen,Papunesia,-4.22789,144.809,sepe1240,,sepen,
SupyireSenoufo,Supyire Senoufo,Africa,11.632,-5.87709,supy1237,,supyiresenoufo,
Saposa,Saposa,Papunesia,-5.64103,154.732,sapo1253,,saposa,
Sabaot,Sabaot,Africa,1.01297,34.6664,saba1262,,sabaotnt,
Siriano,Siriano,South America,0.436515,-70.184,siri1274,,siriano,
Saramaccan,Saramaccan,South America,4.54729,-54.0238,sara1340,,saramaccannt,
SrananTongo,Sranan Tongo,South America,5.83,-55.33,sran1240,,sranantongont,
SerbianStandard,Serbian Standard,Eurasia,44.3238,21.9192,serb1264,,serbianstandard1865,
Siriono,Sirionó,South America,-15.5298,-63.9688,siri1273,,sirionont,
Siroi,Siroi,Papunesia,-5.52893,145.994,siro1249,,siroi,
Seimat,Seimat,Papunesia,-1.2666667,144.25,seim1238,,seimat,
Samberigi,Samberigi,Papunesia,-6.7028,143.951,samb1321,,samberigi,
NorthernSubanen,Northern Subanen,Papunesia,8.5232,123.588,nort2885,,northernsubanen,
SoutheasternTepehuan,Southeastern Tepehuan,North America,23.1584,-103.983,sout2976,,southeasterntepehuannt,
Sulka,Sulka,Papunesia,-5.03471,151.891,sulk1246,,sulka,
WesternSubanon,Western Subanon,Papunesia,7.79964,122.341,west2557,,westernsubanon,
Suena,Suena,Papunesia,-7.76339,147.534,suen1241,,suena,
Susu,Susu,Africa,10.4046,-13.3628,susu1250,,susu susua,
Sunwar,Sunwar,Eurasia,27.5201,86.2476,sunw1242,,sunwarbl,
Swedish,Swedish,Eurasia,59.800634,17.389526,swed1254,,swedish,
Swahili-Kimvita,Swahili,Africa,-8.25605,37.624,swah1253,,swahili1850,Kimvita
Swahili,Swahili,Africa,-8.25605,37.624,swah1253,,swahilionen swahiliulb,
Suau,Suau,Papunesia,-10.6606,150.21,suau1242,,suau,
Suba,Suba,Africa,-0.95719,34.1033,suba1238,,subant,
CentralSubanen,Central Subanen,Papunesia,8.12701,123.018,cent2089,,centralsubanen,
Sylheti,Sylheti,Eurasia,24.83724,92.25347,sylh1242,,sylheti sylhetil sylhetis,
WesternTarahumara,Western Tarahumara,North America,27.3512,-108.0559,lowl1265,,westerntarahumarant,
EasternTamang,Eastern Tamang,Eurasia,27.3239,87.0832,east2347,,easterntamang,
Tamil,Tamil,Eurasia,10.520219,78.825989,tami1289,,tamil2008 tamil2017 tamiltcv,
Tamasheq,Tamasheq,Africa,14.2038,-2.41269,tama1365,,tamasheq,
Tatuyo,Tatuyo,South America,0.55582,-70.5327,tatu1247,,tatuyo,
Tai,Tai,Papunesia,-5.29223,144.66,taii1241,,tai,
Takia,Takia,Papunesia,-4.69057,145.975,taki1248,,takia,
Mandara,Mandara,Papunesia,-2.7828,151.956,mand1440,,mandara,
NorthTairora-Arau,North Tairora,Papunesia,-6.51563,145.959,nort2920,,northtairoraa,Arau
NorthTairora-NorthTairora,North Tairora,Papunesia,-6.51563,145.959,nort2920,,northtairora,North Tairora
CalamianTagbanwa,Calamian Tagbanwa,Papunesia,12.0716,120.094,cala1258,,calamiantagbanwa,
Tboli,Tboli,Papunesia,6.20377,124.538,tbol1240,,tbolint,
Tawala,Tawala,Papunesia,-10.3115,150.644,tawa1275,,tawala,
Ditammari,Ditammari,Africa,10.1614,1.18045,dita1238,,ditammarisim,
Ticuna,Ticuna,South America,-3.66289,-69.8723,ticu1245,,ticunant,
TorresStraitLockhartRiverCreole,Torres Strait-Lockhart River Creole,Australia,-11.066,142.692,torr1261,,torresstraitlockhartrivercreole,
ThadoChin-Chongthu,Thado Chin,Eurasia,24.096,93.722,thad1238,,thadochinchongthu,Chongthu
TetunDili,Tetun Dili,Papunesia,-8.58405,125.583,tetu1246,,tetundili,
TandroyMalagasy,Tandroy Malagasy,Africa,-24.80155,45.9,tand1256,,tandroymalagasy,
TepoKrumen,Tepo Krumen,Africa,5.16267,-7.66346,tepo1239,,tepokrumen,
HuehuetlaTepehua,Huehuetla Tepehua,North America,20.6189,-97.9347,hueh1236,,huehuetlatepehuant,
Telugu,Telugu,Eurasia,16.4529,78.7024,telu1262,,telugu2010 telugu2017,
TerenaKinikinaoChane,Terena-Kinikinao-Chane,South America,-20.6614,-56.0329,tere1279,,terenakinikinaochanent,
Tetum,Tetum,Papunesia,-9.11217,125.528,tetu1245,,tetum,
RioGrandeTewa,Rio Grande Tewa,North America,35.9053,-106.124,tewa1260,,riograndetewa,
Teribe,Teribe,North America,9.067,-82.9631,teri1250,,teribentpo,
Tagin,Tagin,Eurasia,27.986064,94.221711,tagi1241,,tagin,
Tajik,Tajik,Eurasia,38.8213,68.5549,taji1245,,tajik,
Tagalog,Tagalog,Papunesia,14.06,121.747,taga1270,,tagalogulb,
Sudest-Tagula,Sudest,Papunesia,-11.5229,153.488,sude1239,,sudest,Tagula
Movono,Movono,Papunesia,-15.5643,166.958,tang1347,,movono,
Thai,Thai,Eurasia,14.192,100.671,thai1261,,thaikjv thaintv,
Thayore,Thayore,Australia,-14.8159,142.034,thay1249,,thayore,
TahaggartTamahaq,Tahaggart Tamahaq,Africa,22.5908,8.73169,taha1241,,tahaggarttamahaq,
Tifal,Tifal,Papunesia,-5.03899,141.293,tifa1245,,tifal,
Timbe,Timbe,Papunesia,-6.06875,147.057,timb1251,,timbe,
Tiwi,Tiwi,Australia,-11.6308,130.949,tiwi1244,,tiwi,
Tiruray,Tiruray,Papunesia,6.77321,124.127,tiru1241,,tiruray,
Takwane,Takwane,Africa,-16.2276,36.249,takw1238,,takwane,
Tsakhur,Tsakhur,Eurasia,41.5916,46.8858,tsak1249,,tsakhur,
UpperNecaxaTotonac,Upper Necaxa Totonac,North America,20.236,-97.81,uppe1275,,uppernecaxatotonacnt,
Telefol,Telefol,Papunesia,-5.07444,141.731,tele1256,,telefol,
TalingaBwisi,Talinga-Bwisi,Africa,0.676185,29.9494,tali1258,,talingabwisi,
Haruai,Haruai,Papunesia,-5.09522,144.3375,haru1245,,haruai,
Tacana,Tacana,South America,-13.39249,-68.04056,taca1256,,tacanant,
TanimucaRetuara,Tanimuca-Retuarã,South America,-0.59023,-70.3853,tani1257,,tanimucaretuara,
Kwamera,Kwamera,Papunesia,-19.5954,169.442,kwam1252,,kwamera,
NorthTanna,North Tanna,Papunesia,-19.3733,169.303,nort2847,,northtanna,
Whitesands,Whitesands,Papunesia,-19.5019,169.381,whit1269,,whitesands,
CoyutlaTotonac,Coyutla Totonac,North America,20.5447,-97.6852,coyu1235,,coyutlatotonacnt,
Toma,Toma,Africa,8.20383,-9.23439,toma1245,,toma,
Gizrra,Gizrra,Papunesia,-9.183,142.804,gizr1240,,gizrra,
Tojolabal,Tojolabal,North America,16.2572,-91.7825,tojo1241,,tojolabalnt,
TongaTongaIslands,Tonga (Tonga Islands),Papunesia,-21.17,-175.25,tong1325,,tongatongaislands,
XicotepecDeJuarezTotonac,Xicotepec De Juárez Totonac,North America,20.6532,-97.7463,xico1235,,xicotepecdejuareztotonacnt,
PapantlaTotonac,Papantla Totonac,North America,20.5671,-97.2554,papa1238,,papantlatotonacnt,
HighlandTotonac,Highland Totonac,North America,20.3798,-97.6159,high1243,,highlandtotonacnt,
Taupota-Taupota,Taupota,Papunesia,-10.2275,150.373,taup1242,,taupota,Taupota
TokPisin,Tok Pisin,Papunesia,-9.41971,147.303,tokp1240,,tokpisinotnt tokpisin,
PisafloresTepehua,Pisaflores Tepehua,North America,20.7039,-98.0305,pisa1237,,pisaflorestepehua,
TlachichilcoTepehua,Tlachichilco Tepehua,North America,20.704,-98.1947,tlac1235,,tlachichilcotepehuant,
Tampuan,Tampuan,Eurasia,13.56447,107.24544,tamp1251,,tampuan,
AcatepecMephaa,Acatepec Me'phaa,North America,17.1034,-99.0602,acat1239,,acatepecmephaa,
Tinputz-Vasui,Tinputz,Papunesia,-5.58358,154.972,tinp1237,,tinputz,Vasui
CopalaTriqui,Copala Triqui,North America,17.1541,-97.9826,copa1237,,copalatriquint,
SanMartinItunyosoTriqui,San Martín Itunyoso Triqui,North America,17.2428,-97.9202,sanm1298,,sanmartinitunyosotriqui,
Tausug,Tausug,Papunesia,5.12236,118.88,taus1251,,tausug,
Tswana,Tswana,Africa,-24.368,24.7587,tswa1253,,tswana,
SalkaTsishingini,Salka-Tsishingini,Africa,10.2882,5.11073,tsis1238,,salkatsishinginint,
Tektiteko,Tektiteko,North America,15.4599,-92.1136,tekt1235,,tektitekont,
Bwanabwana-Tubetube,Bwanabwana,Papunesia,-10.6599,151.034,bwan1241,,bwanabwana bwanabwanao,Tubetube
TawallammatTamajaq,Tawallammat Tamajaq,Africa,13.9878,4.47692,tawa1286,,tawallammattamajaq tawallammattamajaqt,
Mutu-Oov,Mutu,Papunesia,-5.79405,148.014,mutu1242,,mutuo,Oov
Mutu-Tuam,Mutu,Papunesia,-5.79405,148.014,mutu1242,,mutut,Tuam
Tuyuca,Tuyuca,South America,0.39441,-70.043515,tuyu1244,,tuyuca,
CentralTunebo,Central Tunebo,South America,6.8867,-72.097,cent2150,,centraltunebo,
Tucano,Tucano,South America,0.579755,-69.5763,tuca1252,,tucanont,
Turkish,Turkish,Eurasia,39.8667,32.8667,nucl1301,,turkishytc,
SoutheastAmbrym-Central,Southeast Ambrym,Papunesia,-16.2975,168.211,sout2859,,southeastambrym,Central
TutsaNaga,Tutsa Naga,Eurasia,27.161,95.8,tuts1235,,tutsanaga,
Twi-Akuapem,Twi,Africa,,,twii1234,,twi,Akuapem
Twi-Asante,Twi,Africa,,,twii1234,,twiasante,Asante
Tii,Tii,Papunesia,-10.8425,122.963,tiii1241,,tii,
Mebengokre,Mebengokre,South America,-7.77352,-51.6737,kaya1330,,mebengokrent,
Tzutujil-Eastern,Tz'utujil,North America,14.6351,-91.2012,tzut1248,,tzutujile,Eastern
Tzutujil-Western,Tz'utujil,North America,14.6351,-91.2012,tzut1248,,tzutujilnt,Western
Tzotzil-Huixtan,Tzotzil,North America,16.6362,-92.7388,tzot1259,,tzotzilnt,Huixtan
Tzotzil-SanAndres,Tzotzil,North America,16.6362,-92.7388,tzot1259,,tzotzilsa,San Andres
Tzotzil-Zinacantan,Tzotzil,North America,16.6362,-92.7388,tzot1259,,tzotzilznt,Zinacantan
Tzotzil-Chamula,Tzotzil,North America,16.6362,-92.7388,tzot1259,,tzotziltzc,Chamula
Tzotzil-Chenalho,Tzotzil,North America,16.6362,-92.7388,tzot1259,,tzotziltze,Chenalhó
Ubir,Ubir,Papunesia,-9.59044,149.396,ubir1237,,ubir,
UmbuUngu-Andelale,Umbu-Ungu,Papunesia,-5.9513,143.97,umbu1258,,umbuunguandelale,Andelale
UmbuUngu-Kala,Umbu-Ungu,Papunesia,-5.9513,143.97,umbu1258,,umbuungukala,Kala
UmbuUngu-NoPenge,Umbu-Ungu,Papunesia,-5.9513,143.97,umbu1258,,umbuungunopenge,No Penge
Udi,Udi,Eurasia,40.9,47.7236,udii1243,,udi,
Uduk,Uduk,Africa,9.16012,34.2293,uduk1239,,uduk,
Uighur,Uighur,Eurasia,43.88,87.38,uigh1240,,uighurara uighurcyr uighurlat uighurpin,
Ukrainian,Ukrainian,Eurasia,49.796,29.945,ukra1253,,ukrainian1871 ukrainian1996 ukrainianonpu,
Ulithian,Ulithian,Papunesia,9.961388,139.603611,ulit1238,,ulithian,
Meriam,Meriam,Papunesia,-9.59575,143.773,meri1244,,meriam1902 meriam,
Munda,Munda,Eurasia,25.0391,87.1792,mund1321,,munda,
UripivWalaRanoAtchin-Uripiv,Uripiv-Wala-Rano-Atchin,Papunesia,-16.00951,167.34643,urip1239,,uripivwalaranoatchin,Uripiv
Urarina,Urarina,South America,-4.44006,-75.4211,urar1246,,urarinant,
UrubuKaapor,Urubú-Kaapor,South America,-2.46455,-46.2204,urub1250,,urubukaapornt,
Urdu,Urdu,Eurasia,25.0,67.0,urdu1245,,urdu urdugvh urdugvr urdugvu,
Urim-Kalpm,Urim,Papunesia,-3.58018,142.653,urim1252,,urim,Kalpm
UraPapuaNewGuinea,Ura (Papua New Guinea),Papunesia,-4.64226,151.953,urap1240,,urapapuanewguinea,
Urat-Yehre,Urat,Papunesia,-3.60065,142.79,urat1244,,urat,Yehre
Sop,Sop,Papunesia,-5.49605,145.361,sopp1247,,sop,
Orya,Orya,Papunesia,-2.76483,139.89,orya1242,,orya,
Usarufa,Usarufa,Papunesia,-6.38898,145.633,usar1243,,usarufa,
Uspanteco,Uspanteco,North America,15.3648,-90.8893,uspa1245,,uspantecont,
Uri,Uri,Papunesia,-6.41993,146.608,urii1240,,uri,
Lote,Lote,Papunesia,-5.954,150.911,lote1237,,lote,
Huarijio,Huarijio,North America,27.8685,-108.437,huar1255,,huarijio,
Vidunda,Vidunda,Africa,-7.52674,36.9316,vidu1238,,vidunda,
Vietnamese,Vietnamese,Eurasia,20.681188,105.774071,viet1252,,vietnamese1934 vietnamese2011 vietnameseovcb,
Iduna,Iduna,Papunesia,-9.34361,150.24,idun1242,,iduna,
AyautlaMazatec,Ayautla Mazatec,North America,18.0993,-96.5952,ayau1235,,ayautlamazatecnt,
Waffa,Waffa,Papunesia,-6.55783,146.09,waff1241,,waffa,
Wolaytta,Wolaytta,Africa,6.32668,37.7537,wola1242,,wolaytta,
Wapishana,Wapishana,South America,2.58744,-59.8021,wapi1253,,wapishanant,
Kaninuwa,Kaninuwa,Papunesia,-9.23148,150.253,kani1281,,kaninuwa,
Vwanji,Vwanji,Africa,-9.00683,34.0757,vwan1235,,vwanji,
Warlpiri,Warlpiri,Australia,-20.1008,131.05,warl1254,,warlpiri,
Wedau-Topura,Wedau,Papunesia,-10.1246,150.172,weda1241,,wedautopura,Topura
Wedau,Wedau,Papunesia,-10.1246,150.172,weda1241,,wedau,
Weri,Weri,Papunesia,-7.71834,146.914,weri1253,,weri,
SouthernToussian,Southern Toussian,Africa,10.877,-4.65678,sout2797,,southerntoussian,
WikMungkan,Wik-Mungkan,Australia,-13.98051,141.81611,wikm1247,,wikmungkan,
Wiru,Wiru,Papunesia,-6.35863,144.214,wiru1244,,wiru,
Muduapa-Vitu,Muduapa,Papunesia,-4.69751,149.489,mudu1242,,muduapa,Vitu
Kunbarlang,Kunbarlang,Australia,-11.9133,133.723,kunb1251,,kunbarlang,
WalmajarriJuwaliny,Walmajarri-Juwaliny,Australia,-19.7229,126.113,walm1241,,walmajarrijuwaliny,
Mwani,Mwani,Africa,-12.5821,40.4601,mwan1247,,mwani,
Wantoat,Wantoat,Papunesia,-6.15216,146.513,want1252,,wantoat,
Usan,Usan,Papunesia,-4.84265,145.362,usan1239,,usan,
WobeWeNorthern,Wobe-Wè Northern,Africa,7.40391,-7.24617,weno1238,,wobewenorthern,
Wolof-RegionalWolof,Wolof,Africa,15.2534,-15.383,nucl1347,,wolof2010 wolofkyg,Regional Wolof
HangaHundi,Hanga Hundi,Papunesia,-3.90364,142.849,hang1263,,hangahundi,
Garrwa,Garrwa,Australia,-17.4504,137.72014,gara1269,,garrwa,
Worrorra,Worrorra,Australia,-15.612781,124.881218,worr1237,,worrorra,
Waris,Waris,Papunesia,-3.139,140.931,wari1266,,waris,
Waskia,Waskia,Papunesia,-4.57978,145.979,wask1241,,waskia,
WuvuluAua,Wuvulu-Aua,Papunesia,-1.73938,142.851,wuvu1239,,wuvuluaua,
Xavante,Xavánte,South America,-14.3017,-52.4367,xava1240,,xavantent,
Kombio-Wampukuamp,Kombio,Papunesia,-3.48467,142.694,komb1272,,kombiow,Wampukuamp
Kombio-Yanimoi,Kombio,Papunesia,-3.48467,142.694,komb1272,,kombioy,Yanimoi
Hdi,Hdi,Africa,10.942,13.6881,hdii1240,,hdi,
Kamula,Kamula,Papunesia,-7.28798,142.639,kamu1260,,kamula,
TanzanianNgoni,Tanzanian Ngoni,Africa,-11.779,35.459,tanz1241,,tanzanianngoni,
NorthernKankanay,Northern Kankanay,Papunesia,17.1057,120.786,nort2877,,northernkankanay,
Konkomba,Konkomba,Africa,9.82224,0.2783,konk1269,,konkomba,
EasternKaraboro,Eastern Karaboro,Africa,10.4987,-4.52253,east2398,,easternkaraboro,
TinaSambal,Tinà Sambal,Papunesia,15.5797,120.095,tina1248,,tinasambal,
Sio,Sio,Papunesia,-5.96037,147.353,sioo1240,,sio,
Kasem,Kasem,Africa,11.0824,-1.39076,kase1253,,kasem,
SoluKhumbuSherpa,Solu-Khumbu Sherpa,Eurasia,27.674,86.9994,sher1255,,solukhumbusherpa,
KatchaKadugliMiri,Katcha-Kadugli-Miri,Africa,10.8423,29.4914,katc1249,,katchakaduglimiri,
DiuxiTilantongoMixtec,Diuxi-Tilantongo Mixtec,North America,17.3596,-97.3861,diux1235,,diuxitilantongomixtecnt,
MagdalenaPenascoMixtec,Magdalena Peñasco Mixtec,North America,17.2837,-97.5413,magd1235,,magdalenapenascomixtecntpp,
NorthernTlaxiacoMixtec,Northern Tlaxiaco Mixtec,North America,17.4806,-97.8349,nort2985,,northerntlaxiacomixtec,
Kuo,Kuo,Africa,7.97771,15.4843,kuoo1238,,kuo,
Yaminahua,Yaminahua,South America,-9.8846,-71.5964,yami1256,,yaminahuant,
Yagua,Yagua,South America,-3.42913,-72.2186,yagu1244,,yaguant,
Yalunka,Yalunka,Africa,9.97186,-11.2836,yalu1240,,yalunka,
Yamba,Yamba,Africa,6.535505,11.07711,yamb1251,,yamba,
Yao,Yao,Africa,-13.6119,35.2387,yaoo1241,,yao,
Yapese,Yapese,Papunesia,9.55811,138.125,yape1248,,yapese,
Yaqui,Yaqui,North America,29.9446,-110.681,yaqu1251,,yaquint,
Yaweyuha,Yaweyuha,Papunesia,-6.1868,145.359,yawe1241,,yaweyuha,
Yucuna,Yucuna,South America,-0.76075,-71.0033,yucu1253,,yucuna,
Yindjibarndi,Yindjibarndi,Australia,-21.5379,117.001,yind1247,,yindjibarndi,
Yakan,Yakan,Papunesia,6.531023,122.021729,yaka1277,,yakan,
Yele,Yele,Papunesia,-11.3796,154.127,yele1255,,yele,
Iamalele,Iamalele,Papunesia,-9.45005,150.573,iama1237,,iamalele,
Yombe,Yombe,Africa,-5.1263,12.9657,yomb1244,,yombe,
Yonggom,Yonggom,Papunesia,-6.42956,141.213,yong1280,,yonggom,
Yoruba,Yoruba,Africa,7.15345,3.67225,yoru1245,,yoruba,
Yareba,Yareba,Papunesia,-9.50651,148.605,yare1248,,yareba,
Yaoure,Yaouré,Africa,6.95282,-5.57851,yaou1238,,yaourent,
YessanMayo-Yamano,Yessan-Mayo,Papunesia,-4.15721,142.574,yess1239,,yessanmayoyamano,Yamano
YessanMayo-Yawu,Yessan-Mayo,Papunesia,-4.15721,142.574,yess1239,,yessanmayoyawu,Yawu
KarkarYuri,Karkar-Yuri,Papunesia,-3.74954,141.098,kark1258,,karkaryuri,
Yopno,Yopno,Papunesia,-5.94085,146.661,yopn1238,,yopno,
YauNungon,Yau-Nungon,Papunesia,-6.08274,146.841,yaum1237,,yaunungon,
Yawa,Yawa,Papunesia,-1.77196,136.263,nucl1454,,yawant,
SierradeJuarezZapotec,Sierra de Juárez Zapotec,North America,17.4219,-96.6191,sier1250,,sierradejuarezzapotecnt,
WesternTlacolulaValleyZapotec,Western Tlacolula Valley Zapotec,North America,17.0332,-96.5967,sanj1284,,westerntlacolulavalleyzapotecnt,
OcotlanZapotec,Ocotlán Zapotec,North America,16.8258,-96.7263,ocot1244,,ocotlanzapotecnt,
CajonosZapotec,Cajonos Zapotec,North America,17.1427,-96.3352,cajo1238,,cajonoszapotecnt,
YareniZapotec,Yareni Zapotec,North America,17.3406,-96.7052,yare1249,,yarenizapotec,
IsthmusZapotec,Isthmus Zapotec,North America,16.4548,-94.8444,isth1244,,isthmuszapotecnt,
Zaramo,Zaramo,Africa,-6.87705,38.9258,zara1247,,zaramo,
CuixtlaXitlaZapotec,Cuixtla-Xitla Zapotec,North America,16.2197,-96.6647,miah1235,,cuixtlaxitlazapotecnt,
OzolotepecZapotec,Ozolotepec Zapotec,North America,16.04,-96.3686,ozol1235,,ozolotepeczapotecnt,
Zapotec,Zapotec,North America,,,zapo1437,,zapotecnt,
RinconZapotec,Rincón Zapotec,North America,17.4451,-96.3144,rinc1236,,rinconzapotecnt,
SantoDomingoAlbarradasZapotec,Santo Domingo Albarradas Zapotec,North America,17.0345,-96.281,sant1450,,santodomingoalbarradaszapotecnt,
TabaaZapotec,Tabaa Zapotec,North America,17.2822,-96.2777,taba1268,,tabaazapotecntps,
YatzachiZapotec,Yatzachi Zapotec,North America,17.1869,-96.284,yatz1235,,yatzachizapotecnt,
MitlaZapotec,Mitla Zapotec,North America,16.86849,-96.29434,mitl1236,,mitlazapotecnt,
CoatecasAltasZapotec,Coatecas Altas Zapotec,North America,16.5609,-96.7336,coat1244,,coatecasaltaszapotecnt,
Kinga,Kinga,Africa,-9.35868,34.2321,nucl1379,,kingam,
Zia,Zia,Papunesia,-7.95814,147.579,ziaa1250,,zia,
ZigulaMushungulu,Zigula-Mushungulu,Africa,-5.61864,38.41138,zigu1244,,zigulamushungulu,
CentralMalay,Central Malay,Eurasia,1.85856,103.0,mala1479,,centralmalaykszi,
NorthernChiapasZoque,Northern Chiapas Zoque,North America,17.3654,-93.3633,fran1266,,northernchiapaszoquent,
ChoapanZapotec,Choapan Zapotec,North America,17.4371,-95.8656,choa1237,,choapanzapotecnt,
GueveaDeHumboldtZapotec,Guevea De Humboldt Zapotec,North America,16.7312,-95.3641,guev1238,,gueveadehumboldtzapotec,
SantaMariaQuiegolaniZapotec,Santa María Quiegolani Zapotec,North America,16.033,-96.0486,sant1451,,santamariaquiegolanizapotec,
LachixioZapotec,Lachixío Zapotec,North America,16.7215,-96.9318,lach1249,,lachixiozapotecnt,
MixtepecZapotec,Mixtepec Zapotec,North America,16.1724,-96.2372,mixt1426,,mixtepeczapotecnt,
AmatlanZapotec,Amatlán Zapotec,North America,16.2707,-96.4003,amat1238,,amatlanzapotecnt,
ZoogochoZapotec,Zoogocho Zapotec,North America,17.2016,-96.3433,zoog1238,,zoogochozapotecnt,
SanVicenteCoatlanZapotec,San Vicente Coatlán Zapotec,North America,16.2817,-96.8667,sanv1242,,sanvicentecoatlanzapotec,
YalalagZapotec,Yalálag Zapotec,North America,17.2134,-96.2183,yala1267,,yalalagzapotecnt,
ChichicapanZapotec,Chichicapan Zapotec,North America,16.8459,-96.5486,chic1274,,chichicapanzapotecnt,
TexmelucanZapotec,Texmelucan Zapotec,North America,16.49197,-97.08947,texm1235,,texmelucanzapotecntpp,
SouthernRinconZapotec,Southern Rincon Zapotec,North America,17.3031,-96.3775,sout3004,,southernrinconzapotecnt,
QuioquitaniQuieriZapotec,Quioquitani-Quieri Zapotec,North America,16.3416,-96.1555,quio1241,,quioquitaniquierizapotecnt,
YateeZapotec,Yatee Zapotec,North America,17.2888,-96.198,yate1242,,yateezapotecntps,
Zyphe,Zyphe,Eurasia,22.524,93.264,zyph1238,,zyphent,
